Player ID,Name,Team,Batting Type,Pitching Type,Pitching Bonus,Handedness,Primary Position,Secondary Position,Tertiary Position,Reddit Username
330,Donked McToad,ARI,BN,BS,B,Left,P,,,(/u/d0nked)
2,Rub A. Chikin,ARI,BC,BB,B,Left,P,,,(/u/rubachikin)
3,Syd Kidd,ARI,BC,BB,B,Left,P,,,(/u/MNSyd)
133,Garren Smudge,ARI,BN,,,Left,C,3B,,(/u/inocain)
6,Xavier Quinn Jr.,ARI,BC,,,Right,C,3B,,(/u/u/jetman999)
,Charles Moore,ARI,BP,,,Right,1B,LF,,(/u/qupax)
,Dominick Vielbaum,ARI,BP,,,Left,1B,3B,,(/u/nop990)
429,Kid Notcher,ARI,BC,,,Right,2B,SS,,(/u/notyourchild)
8,Will Power,ARI,BN,,,Right,2B,SS,,(/u/BearGuru)
274,Tsar Zaar,ARI,BC,,,Right,3B,2B,,(/u/Tsar_Zaar)
249,Tequila Sunrise,ARI,BN,,,Right,3B,2B,,(/u/Acyke)
384,Dom Stakes,ARI,BC,,,Right,SS,CF,,(/u/doomsteak13)
15,Assassin Panda,ARI,BP,,,Left,LF,1B,,(/u/AssassinPanda97)
14,A.Z. Chapman,ARI,BP,,,Right,LF,RF,,(/u/AZAthleticsfan)
277,Matty Lynn,ARI,BN,,,Right,LF,RF,,(/u/madelyncr)
16,Thomas Chiggins,ARI,BP,,,Right,CF,RF,C,(/u/cookie1763)
220,Charles Magnus,ARI,BP,,,Right,RF,CF,,(/u/CharlemagneOfTheUSA)
1966,Rob Pancakes,BAL,BC,BS,B,Left,P,,,(/u/RobotPancakes)
148,Chipper Dipper,BAL,BN,BS,B,Right,P,,,(/u/IEatTranslations)
,Charlie Yeagar,BAL,BC,BB,B,Left,P,,,(/u/EdgarLOLZ)
151,Indy Sayne,BAL,BC,,,Right,C,1B,,(/u/Museamaniac)
,Hans Goober,BAL,BC,,,Right,1B,3B,,(/u/TheSilverSoap)
155,Nikki Falke,BAL,BC,,,Left,2B,1B,,(/u/F117Nighthawk)
1968,Ludd van Shark,BAL,BN,,,Right,2B,SS,,(/u/LadderShark)
157,Nikolas Romero,BAL,BN,,,Right,2B,3B,,(/u/Deekem)
496,Mike Hunt,BAL,BP,,,Right,3B,2B,,(/u/-AnthonyAmadio)
158,Sam Smith,BAL,BP,,,Right,3B,LF,,(/u/sasmith2015)
1972,Bernie Petrol,BAL,BN,,,Right,SS,CF,,(/u/bernbp5)
,Earl Leicester,BAL,BP,,,Left,SS,2B,,(/u/Nolan4MVP)
679,Scherbie Fully-Loaded,BAL,BC,,,Right,CF,LF,,(/u/twinsfan94)
147,Meerkat Timmons,BAL,BC,,,Right,CF,LF,,(/u/snicklefritzed)
,Augie Neintinowan,BAL,BC,,,Right,CF,RF,,(/u/augie1901)
162,Whit Merto,BAL,BC,,,Right,RF,CF,,(/u/robertwhitmer)
58,Hudson Quin,BOS,BP,BS,B,Left,P,,,(/u/Pieanator)
21,Silver Edgeworth,BOS,BP,BF,B,Right,P,,,(/u/Eddytarr)
23,Michael Voorhees,BOS,BN,,,Left,C,1B,,(/u/BigBatInsomniac)
2186,Lefty Schweez,BOS,BC,,,Left,1B,LF,,(/u/schweezey)
25,Rusty Shackleford,BOS,BP,,,Left,1B,3B,,(/u/BruceHopper)
241,Jay Money,BOS,BC,,,Right,1B,LF,,(/u/iJayMoney)
26,Ben Beezle,BOS,BC,,,Right,2B,SS,,(/u/B0ndzai)
,Jay Embee,BOS,BN,,,Right,3B,LF,,(/u/jmb-412)
296,Chuck McCluster,BOS,BP,,,Right,3B,2B,,(/u/vigintiunus)
33,Oscar Vegas,BOS,BC,,,Left,CF,LF,,(/u/Ricochet1039)
32,Larry Longshot,BOS,BN,,,Right,CF,LF,,(/u/TrickyTroy2)
,Grigury Polinko,BOS,BC,,,Left,RF,LF,,(/u/grigury)
253,Tommy Foxconn,CLE,BN,BF,B,Right,P,,,(/u/Tbird4427)
,Jarace Walker,CLE,BP,BS,B,Right,P,,,(/u/Jven0530)
234,Angel Leon,CLE,BN,BS,B,Right,P,,,(/u/GK12303)
338,Eric Cowan,CLE,BN,,,Right,C,1B,,(/u/Skacowan)
41,Thaddeus Gomorrah,CLE,BC,,,Right,C,3B,,(/u/ThaddyG)
,Filthy Frank,CLE,BP,,,Left,1B,3B,,(/u/CardsTricks42)
2089,Valentino Rollin,CLE,BP,,,Left,1B,3B,,(/u/rollinvl)
257,Hingle McCringleberry,CLE,BN,,,Right,1B,3B,,(/u/tress10)
55,Rick McLightning,CLE,BN,,,Right,1B,RF,,(/u/evan466)
211,G.H. Morello,CLE,BP,,,Right,SS,CF,,(/u/ghmorello)
,Xavier Martinez,CLE,BP,,,Right,SS,CF,,(/u/xmandj1000)
404,Ovaltine Jenkins,CLE,BC,,,Right,3B,2B,,(/u/mrman5426)
,Brohei Brohtani,CLE,BP,,,Left,SS,CF,,(/u/sdlotus)
2033,Cook Froster,CLE,BC,,,Right,LF,RF,,(/u/CookieFroster)
407,Tom Crean,CLE,BC,,,Left,LF,RF,,(/u/iuhoosier40)
,Ian Pritchard,CLE,BC,,,Left,CF,RF,,(/u/itpritch)
350,Lightning Balls,CLE,BC,,,Right,RF,CF,,(/u/lightning_balls)
75,Garrett Evans,COL,BC,BS,B,Right,P,,,(/u/legacy3233)
76,Hank Murphy,COL,BP,BF,B,Right,P,,,(/u/squishfacethegloop)
375,Tanner Hendrix,COL,BN,BS,B,Left,P,,,(/u/Running2018)
,Ronnie Voss,COL,BC,,,Right,C,3B,,(/u/TouchEmAllJoe)
205,Patrick Doyle,COL,BP,,,Right,C,3B,,(/u/BaseScoutX1)
,"Ronald Eagle, Sr.",COL,BC,,,Left,C,3B,,(/u/reagens_eagle)
79,Jumbo Dick,COL,BP,,,Left,1B,LF,,(/u/szabes)
80,Steel Pipe Simpson,COL,BP,,,Left,1B,LF,,(/u/ClintonBalls)
,Ralph Smith,COL,BC,,,Right,2B,RF,,(/u/MpegEVIL)
81,Dick McScrotington IV,COL,BN,,,Right,2B,SS,,(/u/ConstantQuarreling)
86,Pretzels Poffenberger,COL,BN,,,Right,3B,SS,,(/u/akick31)
85,John Bumbus,COL,BC,,,Right,3B,LF,,(/u/goodmjim)
,Boof Veiz,COL,BC,,,Right,SS,CF,,(/u/justinyhcc)
,Tony Provtree,COL,BC,,,Right,LF,RF,,(/u/2prov3)
88,"Joshua ""Junior"" Roth",COL,BN,,,Right,CF,LF,,(/u/bossfrog48)
87,Jesse Kilgannon,COL,BC,,,Right,CF,LF,,(/u/dragoncockles)
17,Haywood Jablome,COL,BP,,,Right,RF,1B,,(/u/AGMarasco)
,Gottlieb Giannopoulos,COL,BC,,,Right,RF,1B,,(/u/HighVoltLemonBattery)
92,Dick Woolridge,DET,BP,BS,B,Right,P,,,(/u/Nolar2015)
716,Penny Lane,DET,BC,BF,B,Right,P,,,(/u/elifad18)
292,Scottish Tweegy,DET,BC,,,Right,1B,3B,,(/u/Tweegyjambo)
99,Tyler Phoenix,DET,BC,,,Right,1B,3B,,(/u/Touchdownmike55)
100,Merodach Baladan,DET,BC,,,Right,2B,SS,,(/u/ghostelephant)
91,John Johnson Jr.,DET,BP,,,Right,3B,SS,,(/u/barnsley1001)
98,Kenneth Moore,DET,BN,,,Left,3B,1B,,(/u/km0re)
103,Mason Spurs,DET,BC,,,Left,SS,2B,,(/u/miasanspurs)
197,Hans Ali,DET,BC,,,Right,SS,CF,,(/u/hanstheman33)
104,Morris Deratt,DET,BN,,,Left,LF,RF,,(/u/debater3301)
93,Master Cashier,DET,BN,,,Left,LF,RF,,(/u/MasterCashier)
105,Mike Oxlittle,DET,BN,,,Right,CF,LF,,(/u/rmcauliffe)
106,Sevag Vapor,DET,BC,,,Right,CF,LF,,(/u/savagevapor)
107,Otis Nixon Sr.,DET,BP,,,Left,RF,CF,,(/u/almostthenewestdad)
,Owen Uridge,HOU,BN,BF,B,Right,P,,,(/u/camly75)
110,Jerome Garcia,HOU,BC,BS,B,Right,P,,,(/u/TurkandJD)
168,Bo-Horse Jackman,HOU,BN,,,Right,P,,,(/u/Phillyproud21)
65,Dakota Carolina Montana,HOU,BC,,,Right,C,3B,,(/u/zatch17)
,Fat Batter,HOU,BP,,,Left,1B,LF,,(/u/KevinFielder)
109,Derek Bongiovanni,HOU,BC,,,Right,1B,3B,,(/u/MiguelSlamdujar)
57,Bear Thomas,HOU,BN,,,Right,2B,SS,,(/u/ScenicEvergreen)
122,Riles McGiles,HOU,BC,,,Right,3B,2B,,(/u/Riles_McGiles)
457,Buck Cheeks,HOU,BP,,,Left,LF,1B,,(/u/Buckcheeks)
125,Triston Uzumaki,HOU,BC,,,Right,CF,RF,,(/u/talknojutsu312)
389,Peter Peckershine,HOU,BC,,,Right,RF,CF,,(/u/Mobbin)
2136,Garrett Ipnov,HOU,BC,,,Right,RF,1B,,(/u/gipnov23)
164,Artie Ziff,LAD,BN,BS,B,Left,P,,,(/u/mennonite_barbie)
,Hoagie Sauce,LAD,BN,BS,B,Right,P,,,(/u/BNMC0919)
,Maxo Caluow,LAD,BC,,,Left,C,3B,,(/u/tournedisque)
170,Aych Imtiyaz,LAD,BC,,,Right,2B,1B,,(/u/Aychim)
171,Clipper Charge,LAD,BC,,,Right,2B,SS,,(/u/ClipDodgeCharge)
771,Lee Allen Ripley,LAD,BC,,,Right,3B,1B,,(/u/Subcheckforum)
,Valentino Sanchez,LAD,BN,,,Right,3B,2B,,(/u/conpollo27)
174,Ted James III,LAD,BC,,,Right,SS,1B,,(/u/TheTCHammer)
176,Fernando Cruz,LAD,BP,,,Right,LF,RF,,(/u/jlh2b)
177,Jeorjhe Jerome,LAD,BP,,,Right,LF,1B,,(/u/jeorjhejerome)
179,Scotty Smalls,LAD,BC,,,Right,CF,RF,,(/u/See_You_Laterr)
178,Clifton Outlaw,LAD,BN,,,Left,CF,RF,,(/u/theshinymew64)
,Dill Pickle,LAD,BN,,,Right,RF,CF,,(/u/thejapanesepickle)
175,Brigham Young,LAD,BC,,,Right,RF,LF,,(/u/jacobguo95)
,Harvey Bargeparge,MIL,BC,BS,B,Right,P,,,(/u/harveyscale)
236,Logan Anderson,MIL,BC,BF,B,Right,P,,,(/u/Aki_213)
,Patrick Stump,MIL,BP,,,Right,C,3B,,(/u/stumpy3196)
206,Gil Metz,MIL,BP,,,Right,2B,SS,,(/u/Metssuck)
276,Trontavious Saddlebags,MIL,BP,,,Right,3B,2B,,(/u/Jittyot)
207,J.J. Guemes,MIL,BC,,,Right,3B,2B,,(/u/josephr333)
297,Autumn Halladay,MIL,BC,,,Left,SS,3B,,(/u/c4d3nza)
,Baba Booey,MIL,BP,,,Right,LF,1B,,(/u/powersgoblue)
2107,Chocolate Smegma,MIL,BC,,,Left,LF,1B,,(/u/Chocolate_Smegma)
,Casey Jones,MIL,BP,,,Right,LF,1B,,(/u/DrinkWisconsinably)
31,Arata Hightower,MIL,BN,,,Right,LF,RF,,(/u/YungKakarot777)
,Jazzy Jeff,MIL,BN,,,Right,CF,RF,,(/u/1346718)
2015,S.K. Brettbug,MIL,BC,,,Left,CF,LF,,(/u/skbrettbug)
52,Amir Valerie Hurwitz,MIL,BN,,,Right,CF,LF,,(/u/dorkman75)
199,Cal Tiberius Jr.,MTL,BN,BF,B,Left,P,,,(/u/tiberius-jr)
,Buttholo Colón,MTL,BN,BS,B,Left,P,,,(/u/Forgetful_storytellr)
218,Thomas Beowulf,MTL,BC,BB,B,Right,P,,,(/u/Tbeowulf)
5,Y.E. Wally,MTL,BP,,,Right,C,3B,,(/u/whywebuildthewall)
240,Doob Tuber,MTL,BC,,,Left,1B,RF,,/u/doob26)
222,King Fielder,MTL,BP,,,Right,1B,LF,,(/u/Nerdfighter1174)
,Bingo Bongo,MTL,BC,,,Right,1B,3B,,(/u//u/dunkchai)
224,Trey Rangers,MTL,BN,,,Right,2B,SS,,(/u/TheThreeRangers)
225,Zachary Benz,MTL,BC,,,Right,2B,SS,,(/u/yoonlee13)
,Paddy O'Sullivan,MTL,BN,,,Right,2B,SS,,(/u/Atrav11)
242,Charles Lindberg,MTL,BP,,,Left,3B,2B,,(/u/Aviator157)
226,Phil Coulson,MTL,BC,,,Left,3B,2B,,(/u/PHICOU10)
230,Matt Verdin,MTL,BN,,,Right,LF,RF,,(/u/Vauntice)
439,Karl Jernigan,MTL,BC,,,Right,LF,1B,,(/u/TheJonestre)
231,Sadler Oriole,MTL,BC,,,Right,CF,LF,,(/u/sadoriolesfan)
317,Demondre Bradford,MTL,BC,,,Right,CF,LF,,(/u/BrandonRK)
232,Jake Blee,MTL,BP,,,Right,RF,CF,,(/u/Blee10)
,Mike T. Thumb,MTL,BP,,,Right,RF,CF,,(/u/dropitlolo)
216,Pete Jones,OAK,BN,BF,B,Left,P,,,(/u/benevolentantagonist)
268,Jeff Steelflex,OAK,BC,BS,B,Left,P,,,(/u/cardinalidae)
269,Joe Runzer,OAK,,,,,P,,,
,Dog Man,OAK,BC,,,Right,C,1B,,(/u/gardeningwithciscoe)
,Jack Kasutori,OAK,BC,,,Right,C,1B,,(/u/Kasutori_Jack)
,Darren Dingerball,OAK,BP,,,Right,1B,LF,,(/u/usedupvotesalesman)
273,Max Wasson,OAK,BC,,,Right,2B,SS,,(/u/maxwasson2)
,Phoenix McDouglas,OAK,BN,,,Left,2B,RF,,(/u/sammerai1238)
215,Justin Dingers,OAK,BN,,,Right,CF,LF,,(/u/tcrain99)
,Richard Firr,OAK,BC,,,Right,CF,RF,,(/u/Lompocmatt)
286,Oliver Yu,PHI,BN,BB,B,Right,P,,,(/u/HelloAllOfYou)
285,Joel Embiid,PHI,BC,BF,B,Left,P,,,(/u/5566y)
284,Hudson Hildebrandt,PHI,BP,BS,B,Left,P,,,(/u/SenatorCam)
287,KC Bats,PHI,BN,,,Right,C,1B,3B,(/u/kc3551)
288,Willie Dustice,PHI,BP,,,Left,C,3B,,(/u/photomike)
,Ravittsu Suramubāto,PHI,BN,,,Right,C,3B,,(/u/juststumbledacross)
,B.B. Bambino Jr.,PHI,BC,,,Right,1B,3B,,(/u/BBfriendshipexpress)
2011,Kyle Mack,PHI,BC,,,Right,2B,SS,,(/u/kylemac22)
293,Charlie Bae Jr.,PHI,BC,,,Right,2B,RF,,(/u/axel323)
,Jamison Wells,PHI,BC,,,Right,3B,SS,,(/u/wass225)
290,Miguel Snow,PHI,BP,,,Right,3B,1B,,(/u/biigdog)
84,Henrik Omega,PHI,BP,,,Left,3B,SS,,(/u/tomas3345)
,Jake Wilson,PHI,BN,,,Right,SS,2B,,(/u/YellowSkarmory)
245,Fly Spaceman,PHI,BN,,,Left,LF,RF,,(/u/TheSpaceAge)
300,Conrad Love,PHI,BN,,,Left,CF,LF,,(/u/welovemeconrad)
142,Tommy Brown,PHI,BN,,,Left,CF,LF,,(/u/tbrown0307)
2060,Pip Squires,PHI,BC,,,Right,CF,RF,,(/u/TheSquires)
302,Jackson Takegi,PHI,BC,,,Right,RF,1B,,(/u/dud5494)
127,Zack Andersen,PHI,BC,,,Right,RF,CF,,(/u/ZAndMan3737)
336,Darth Vader,PIT,BN,BS,B,Right,P,,,(/u/darthvader1521)
305,Dylan Green,PIT,BN,BS,B,Right,P,,,(/u/RamblingWreckFromGT)
307,Gare Doctor,PIT,BN,,,Right,C,1B,,(/u/GareDR333)
308,Moose McCracken,PIT,BC,,,Right,C,3B,,(/u/KitAndCanoodle)
42,Viking Fishbird,PIT,BP,,,Right,C,3B,,(/u/VikingFishBird)
309,Emer Bock,PIT,BN,,,Left,1B,LF,,(/u/gitisbaggz)
312,Splash Nelson,PIT,BC,,,Right,2B,SS,,(/u/splashshots)
311,Buckeye Logan II,PIT,BC,,,Right,2B,SS,,(/u/PrinceOfPasta)
443,Hes Nahstee,PIT,BP,,,Left,3B,LF,,(/u/snasty728)
313,Junior Biggins,PIT,BC,,,Left,3B,2B,,(/u/BallLikeRalphSamson)
314,Lance Lummox,PIT,BN,,,Right,SS,CF,,(/u/Lummoxx)
303,Jimmy Johns,PIT,BC,,,Left,CF,LF,,(/u/323K13L)
316,Ashton Westenburg,PIT,BC,,,Right,CF,RF,,(/u/ashtonwestenburg)
318,Joey Bagpipes,PIT,BP,,,Right,CF,RF,,(/u/OTipsey)
,Lim Tincecum,SDP,BC,BF,B,Right,P,,,(/u/Phailadork)
,Kyle Grimes Jr.,SDP,BP,BF,B,Right,P,,,(/u/Slimmestcharles)
322,Sylvester Cinnamon,SDP,BP,BS,B,Left,P,,,(/u/BrewCrewBenny)
323,C.J. Yantzi,SDP,BC,,,Right,C,3B,,(/u/11th_Plague)
,Aleister Xekutioner,SDP,BP,,,Left,C,1B,,(/u/TheXekutioner)
328,Forehead Jones,SDP,BP,,,Left,1B,LF,,(/u/toxic4Head)
325,Caleb Athen,SDP,BN,,,Left,1B,LF,,(/u/Darkhelmet5527)
,Seth Hansen,SDP,BP,,,Left,2B,RF,,(/u/xzElmozx)
,Midoriya Izuku,SDP,BC,,,Right,3B,LF,,(/u/Dasnoodledrop)
,Golly McOxbig,SDP,BC,,,Right,3B,LF,,(/u/mrtheman260)
294,Dwendle van Hammersmith,SDP,BC,,,Right,SS,2B,,(/u/Pieladin)
406,Catfish O'Acid,SDP,BC,,,Right,SS,3B,,(/u/CatsOnAcid)
,Rambo McFly,SDP,BN,,,Left,LF,RF,,(/u/dankscott)
246,KayLee Stewart,SDP,BN,,,Left,LF,RF,,(/u/Rand0m0sityxX)
,Kent Griffey III,SDP,BN,,,Left,CF,LF,,(/u/Akfrozen12)
194,Joe Watson,SDP,BN,,,Right,CF,LF,,(/u/Crazymonkey1013)
1992,Rory Nipponsteer,SDP,BP,,,Right,RF,CF,,(/u/GroriousNipponSteer)
2184,Villar Porn,SEA,BN,BS,B,Right,P,,,(/u/danceswithnarwals)
,Cameron Brate,SEA,BC,BF,B,Left,P,,,(/u/HinotamaSoul)
,Moritz Stiefel,SEA,BC,BB,B,Right,P,,,(/u/descole0)
19,Moe Lester,SEA,BC,BF,B,Left,P,,,(/u/agrim143)
2065,Sonny Streaker,SEA,BC,BF,B,Right,P,,,(/u/5unstreaker)
2101,Burt Maclin,SEA,BP,,,Left,C,1B,,(/u/BMaclinFBI)
,Vlad III,SEA,BN,,,Right,C,1B,,(/u/Ostrich_Mr)
2166,Lemmy Fraser,SEA,BN,,,Right,C,3B,,(/u/woelemm)
,Poo Diego,SEA,BN,,,Right,1B,3B,,(/u/yusuf69)
355,Chuck Tingle,SEA,BP,,,Left,1B,LF,,(/u/Iamdumberdore)
258,Tyler Palmatier,SEA,BP,,,Right,1B,LF,,(/u/Jagsfootball51)
,Rob Atkins,SEA,BC,,,Right,2B,SS,,(/u/TeamSquadUltra)
101,Casey Nine,SEA,BC,,,Left,3B,SS,,(/u/kc9kvu)
69,Carter Strong,SEA,BC,,,Left,SS,2B,,(/u/SrummTheBum)
188,Giminy Schlimjim,SEA,BC,,,Right,SS,2B,,(/u/Gschlim)
2037,Trey Paste,SEA,BC,,,Right,SS,2B,,(/u/sterling_mallory)
,Sea Bass,SEA,BN,,,Left,SS,CF,,(/u/seabass9788)
,Puckun Huckingly,SEA,BN,,,Right,CF,LF,,(/u/kogerking)
35,Jeffrey Nolan,SEA,BP,,,Right,RF,1B,,(/u/Acoolgamer6706)
126,Rex Kidobi,SEA,BC,,,Left,RF,CF,,(/u/Darkacez44)
337,Andrew Peters,SFG,BC,BS,B,Left,P,,,(/u/GoodMorningWood)
149,Daniel Collins,SFG,BN,BS,B,Left,P,,,(/u/Jaredsabor)
38,Dane Konrad,SFG,BC,BS,B,Left,P,,,(/u/Vydda)
2019,Bartholemew Masters,SFG,BN,BS,B,Left,P,,,(/u/RoyOswaltsTractor)
1,Thomas Nova,SFG,BP,,,Left,C,3B,,(/u/AtomikaNova)
340,Picov Andropov,SFG,BC,,,Right,C,1B,,(/u/ElmoLibre)
223,Kegs Mabry,SFG,BP,,,Left,1B,LF,,(/u/Kegs_is_great)
,Packer Jacker,SFG,BC,,,Left,2B,RF,,(/u/Pack_Runner1
341,Jonathan Park,SFG,BP,,,Right,2B,SS,,(/u/minusmikel)
344,Mongster Mash,SFG,BN,,,Right,3B,SS,,(/u/mongster_03)
345,Ty Johnson,SFG,BP,,,Right,3B,SS,,(/u/Reno_ty620)
,Andrew Sourdough,SFG,BC,,,Right,SS,2B,,(/u/2182much)
346,Hunter Tuzero,SFG,BP,,,Right,LF,1B,,(/u/Hunter-2_0)
347,Alexander Hamilton,SFG,BC,,,Left,CF,LF,,(/u/uncloyed)
349,Kentho Birne,SFG,BC,,,Left,RF,1B,SS,(/u/Natsochist)
1953,Dan Gerzone,STL,BN,BS,B,Right,P,,,(/u/2Close_4Missiles)
39,Whitt Bass,STL,BN,BF,B,Right,P,,,(/u/kickthepony)
62,Forrest Saathoff,STL,BN,,,Right,C,1B,,(/u/Xx420noskwopexx)
357,Stan Mann,STL,BP,,,Right,1B,3B,,(/u/KyleSell)
359,Dark Bobman,STL,BC,,,Right,2B,SS,,(/u/DarkBobman1)
363,Supreme Asslord,STL,BC,,,Left,3B,2B,,(/u/PianoBoner44)
362,Connor Morgan,STL,BN,,,Right,3B,LF,,(/u/BigVolDaddy)
365,Jingo Bajingo,STL,BP,,,Right,SS,3B,,(/u/Bnavis)
366,Marcus Hammond,STL,BN,,,Right,SS,2B,,(/u/bringer_of_the_rain)
124,Duke Nukem,STL,BP,,,Left,CF,LF,,(/u/GotFlashGoIn)
367,Buzz Schwinghammer,STL,BP,,,Right,CF,RF,,(/u/chillkiller123)
370,Tre Nichols,STL,BC,,,Left,RF,1B,2B,(/u/tanay002)
373,Ed Turner,TB,BC,BF,B,Right,P,,,(/u/Future_Tyrant)
74,Einhorn,TB,BC,BS,B,Right,P,,,(/u/Einhornfarm)
376,Wade Wilson,TB,BN,BF,B,Right,P,,,(/u/DiegoG1014)
112,Willoughby Hoose,TB,BP,BS,B,Left,P,,,(/u/Woozy_Woozle)
377,Isaac Saffron,TB,BC,,,Left,C,1B,,(/u/izsaf)
369,Grimm Carp,TB,BP,,,Right,C,3B,,(/u/enjoyingcarp650)
453,Red Trapper,TB,BP,,,Left,1B,LF,,(/u/redbird_squirrel)
289,Conor Sexton,TB,BN,,,Left,1B,3B,,(/u/YoloSwagginsV12)
380,Lawrence Wiseman,TB,BP,,,Right,2B,SS,,(/u/Inexite)
82,Juan Diego De Las Rosas,TB,BC,,,Right,2B,SS,,(/u/Dancingtree444)
382,Fuzzy Dunlop,TB,BN,,,Left,3B,LF,,(/u/OJTang)
385,Storm Johnson,TB,BC,,,Right,SS,2B,,(/u/kudrew12)
,Alex Brown,TB,BN,,,Left,SS,3B,,(/u/ajj2410)
278,Dominus Nominus,TB,BN,,,Right,LF,1B,,(/u/steelermade28)
386,Babatunde Oladotun,TB,BP,,,Right,LF,1B,,(/u/officialstc)
195,Swing N. Miss,TB,BC,,,Right,CF,LF,,(/u/haf26)
387,Anatoli Smorin,TB,BC,,,Left,CF,RF,,(/u/therealliebz)
364,Javier Abiscal,TB,BC,,,Left,CF,SS,,(/u/leprachaun77)
304,Basebally McBaseballface,TB,BN,,,Right,RF,CF,,(/u/icanhasadhd)
413,Superbone Threefinger,TEX,BC,BF,B,Right,P,,,(/u/23baseball3)
198,Icna Comit,TEX,BN,BF,B,Left,P,,,(/u/Beasting123)
414,Barney Summers,TEX,BC,,,Left,C,3B,,(/u/CougMaster)
415,Joe Random,TEX,BP,,,Right,C,1B,,(/u/slowlycrashing)
416,Dallas Houston,TEX,BP,,,Right,1B,3B,,(/u/mbless1415)
417,Duke McCracken,TEX,BP,,,Right,1B,3B,,(/u/Premature_Squirtle)
418,John Fitz,TEX,BC,,,Right,2B,1B,,(/u/keekan123)
47,Ross Fire,TEX,BC,,,Right,SS,2B,,(/u/Crossfire912)
,Willy Ware,TEX,BC,,,Right,LF,RF,,(/u/Equallizer249)
422,Dixie Wrecked,TEX,BP,,,Left,CF,LF,,(/u/DeAndreJohnKins)
423,Spike McBride,TEX,BN,,,Right,CF,LF,,(/u/SpaceCase37)
,Drew Cruz,TEX,BP,,,Left,RF,LF,,(/u/rexas_tangers)
421,Joe Trundle,TEX,BP,,,Right,RF,LF,,(/u/JLoother)
395,S.A.R. Dinka,TOR,BC,BF,B,Right,P,,,(/u/sardinka)
237,Levi Pyram,TOR,BC,BB,B,Right,P,,,(/u/livingpyramid)
394,Ryan Gasting,TOR,BC,BS,B,Left,P,,,(/u/roothockey)
397,Quentin Adams,TOR,BP,,,Right,C,3B,,(/u/Chaahps)
396,Mylo Grams,TOR,BC,,,Right,C,1B,,(/u/canigetawoop_woop)
,Deirf Smith,TOR,BC,,,Left,1B,LF,,(/u/DEIRF)
390,Joey McCarty,TOR,BP,,,Right,1B,3B,,(/u/Joester09)
400,Graham Grams,TOR,BC,,,Left,2B,RF,,(/u/RolePlayingGrandma1)
445,Mike Honcho,TOR,BN,,,Right,3B,SS,,(/u/ihavearedditaccount)
405,Sven Jorgenson,TOR,BC,,,Right,3B,RF,,(/u/LetsHaveAwkwardSex)
190,Lane Drew,TOR,BC,,,Left,SS,2B,,(/u/StridentBoss)
51,Forrest Gleeson,TOR,BN,,,Right,LF,1B,,(/u/foreverfun)
123,Stephen Seconds,TOR,BN,,,Left,LF,RF,,(/u/unite_csgo)
446,Thomas Berry,TOR,BC,,,Right,CF,RF,,(/u/tomatoisaberry)
410,Victor Justice,TOR,BN,,,Left,CF,LF,,(/u/Victors_Justice)
56,Ziggy Ceder,TOR,BC,,,Right,RF,1B,,(/u/ziggmiceter)
53,Julio Cesar,TOR,BN,,,Right,RF,CF,,(/u/JulioCesar08)
102,Doc JaAm,ARI,BC,,,Right,PH,,,(/u/JaAm15)
,Dom Dunquette,BAL,,,,,PH,,,(/u/OrphanSnatcher27)
108,Wilbur Wood,HOU,BN,,,Right,PH,,,(/u/brownspectacledbear)
24,Nate Lewis,MTL,BC,,,Right,PH,,,(/u/SonicRainboom13)
267,"Jake ""JP"" Panik",OAK,,,,,PH,,,(/u/jp1704)
282,J.A. Bird,PHI,,,,,PH,,,(/u/Jayyburdd)
319,A.J. Preller,SDP,,,,,PH,,,(/u/notajprellersd)
411,Rabbi Chase,TEX,BP,,,Left,PH,,,(/u/RabbiChase)
,Logen Woodluck,TOR,BC,,,Left,PH,,,(/u/Madis99)
2088,Martin Barnar,,BP,,,Right,3B,,,(mbarnar)
,Cardith Buxton,,BC,,,Left,CF,,,(cardith_lorda)
2111,Cy Hadd,,BP,BS,B,Right,P,,,(TheChaddy)
,Ox Bullhorn,,BC,,,Right,2B,RF,,(scinauta)
,Kent F. Corey III,,BC,BF,B,Left,P,,,(power448)
,Pete Johnson,,BN,,,Left,SS,2B,,(greasepole)
18,Jordan Peppers,,BN,,,Right,RF,CF,,(bacon__sandwich)
1988,H.B. Boink,,BC,,,Right,SS,3B,,(hbboink)
1989,C.J. Bastian,,BP,,,Left,CF,LF,,(CJBastian)
,Blaine Bridgestone,,BP,BF,B,Left,P,,,(RahBahReborn
124,John Cheenah,,BP,,,Left,1B,LF,,(Killslayer55)
,Joey Powers,,BP,BS,B,Left,P,,,(tcsprops)
,Kawabunga Joe,,BC,BF,B,Right,P,,,(sci19)
,Jonathan Hadley,,BP,,,Right,CF,RF,,(throwmeout06)
,Nick Knuckles,,BC,,,Right,CF,RF,,(8each8oys)
2066,Randy Nummer,,BN,,,Left,LF,RF,,-826836
,Norwood McKenzie,,BP,BS,B,Left,P,,,(master_synth_hades)
,Jace LeTourneau,,BP,,,Left,3B,2B,,(Mister_Shake)
2055,Herrera O'Doubles,,BC,,,Left,CF,RF,,(cloakington)
,Diligent Moose,,BP,,,Left,LF,RF,,(BPenguinfire)
,Marcel Hoffer,,BP,BS,B,Right,P,,,(Rather_Queer)
,Ozanam Columbus,,BN,,,Left,CF,RF,,(MLRmademedothis)
,Sloppy Thurston,,BN,BS,B,Right,P,,,(woodley8214)
,Bracton Abella,,BN,BB,B,Right,P,,,(Bracto34)
,Dilly Dilly,,BC,BS,B,Left,P,,,(banjobudlight)
,Finnegan Freudenberger,,BC,,,Left,SS,CF,,(jamaicaselfhelp)
,Schlong Schmeckle,,BP,BF,B,Right,P,,,(schlongschmeckle)
,Dougie McElroy,,BN,BF,B,Left,P,,,(/u/robfs)
2051,Bo Kinsella,,BN,,,Right,1B,LF,,(BuiltForGirth)
,Connor Carter,,BN,,,Left,LF,1B,,(Hulkanator)
,Monique Reampie,,BC,BF,B,Right,P,,,(moniquereampie)
,Quin Mo-Lac,,BN,,,Left,C,3B,,(yaboiquin)
,Jaco Banaco,,BC,,,Right,1B,3B,,(Jaco927)
,Benny Rodriguez,,BN,,,Right,2B,3B,,(missigsfan)
,Spaghetti Hitchens,,BN,,,Right,C,3B,,(spaghetti_hitchens)
2128,Twinkie Power,,BN,,,Left,C,3B,,(TwinkiePower)
2014,Rico Veringhipster,,BC,,,Left,SS,3B,,(recoveringhipster)
2059,Nathaniel Booth,,BP,,,Left,3B,,,(Nbooth20)
,Ross Jackson,,BC,,,Left,3B,LF,,(yellowcat5)
,Mince Pelling,,BP,,,Left,RF,LF,,(Mispelling)
2143,Jason Girth,,BP,,,Right,LF,,,(wilson1229)
73,Jack Alpha,,BN,,,Right,3B,SS,,(Androidsen)
371,Robin Reynolds,,BP,,,Right,3B,2B,,(Kekar29)
,James Pablano,,BN,,,Left,2B,SS,,(pablito_locito)
,Cody Omega,,BN,,,Right,3B,2B,,(2SweetCharlieB)
,Dougal McGoogol,,BP,,,Left,3B,SS,,(mcgoogol)
2078,Brent Royal,,BN,,,Left,SS,2B,,(ShockerSeahawkRoyal)
,Steve Shurwin,,BC,,,Left,LF,RF,,(bambootap)
,Jebediah MacGuffin,,BP,,,Right,LF,RF,,(doctorjesusjr)
,Sleve McDichael,,BN,,,Left,CF,RF,,(SudsyGiraffe)
,Logen Ninefingers,,BC,,,Left,RF,CF,,(ExpiringFrog)
,Justin Paglia,,BP,BS,B,Left,RF,LF,,(pagsman96)
,Frankie Stickyfingers,,BN,,,Right,P,,,(globalabortion)
,George Ewell,,BP,,,Right,C,1B,,(consemmae)
306,Foxx Dashington,,BP,BF,B,Right,C,3B,,(theDashingFoxWorking)
2151,Jay Bedia,,BC,BF,B,Left,P,,,(jaybedia)
,William Hatchet,,BC,,,Right,C,1B,,(DeepFriedSmokeyCat69)
,Kolko V. Knight,,BN,,,Right,C,1B,,(kalicki)
,Zed Leona,,BC,,,Left,2B,1B,,(get_trashed)
37,Osmosis Jones,,BC,,,Right,2B,SS,,(AdmiralJones42)
,Steve Hofbardozzi Jr. Jr.,,BP,,,Right,SS,3B,,(geneticlyperfct)
2053,Larry Wayne,,BP,,,Right,LF,RF,,(Tomahawkn10)
2052,Donnie Lindsanity,,BP,,,Right,LF,RF,,(Phiask0)
213,Jack Marnette,,BN,,,Right,LF,RF,,(jmarnette)
2114,Daz Reference,,BP,,,Right,LF,RF,,(ObsrefGames)
783,Pete Wheeler,,BC,,,Left,CF,RF,,(Mcastagnaro30)
166,Lefty Louis,,BP,,,Left,1B,3B,,(lewislewes)
,Remy Roy Darling,,BN,,,Left,2B,RF,,(RonsDarling)
2070,Johnny Hopkins,,BN,,,Right,3B,SS,,(bubonicnarwhal)
378,Haroldo MacKenzie,,BC,BF,B,Right,C,1B,,(close_)
2129,Tim Burr,,BP,BS,B,Left,P,,,(westsidedog)
120,Pablo Sanchez,,BC,,,Left,P,,,(JE_25)
,Simon Hans,,BN,,,Right,CF,RF,,(vasolinetigers)
2030,Chad Barrett,,BN,,,Right,RF,CF,,(chadbarrett50)
2095,Boaty McBoatface,,BP,,,Right,RF,CF,,(shadypizzaguy)
2139,Graham Othrie,,BP,,,Right,SS,3B,,(grahm03)
2103,Caleb VanVacter,,BC,BF,B,Right,1B,LF,,(cvanvacter77)
,Jay Schwizzle,,BC,,,Left,P,,,(hinoisking)
1982,Art Zyz,,BN,,,Right,C,3B,,(Artzyz)
2025,Blue Moon Barthelemy,,BC,BF,B,Left,LF,1B,,(thebubs1024)
,Jimbob Cooter,,BN,,,Right,P,,,(WowzersMcBrowzers)
,Archer Moran,,BN,BS,B,Left,3B,LF,,(Ext1nct_Nova)
,Ronald Swanson,,BP,,,Right,P,,,(RonaldSwanson13)
,Ripken Al-Halliday,,BN,,,Right,SS,3B,,(Plaxus)
,Booker Schultz,,BP,,,Right,3B,1B,,(voncornhole)
1977,Alex Yaxley,,BP,,,Right,C,1B,,(BIGxM1KE)
,Richard Pole,,BP,,,Right,1B,RF,,(Wblewis45)
,Eddie Collins,,BC,,,Left,2B,RF,,(Goonder)
,Stig Bond,,BC,,,Left,3B,SS,,(spencervogel)
1959,Frankson Ahtra,,BN,,,Right,CF,RF,,(TheOperaLovingGreek)
,Jim Boeheim,,BP,,,Right,RF,CF,,(RealJimBoeheim)
,Mudflap Ricketts,,BC,,,Right,SS,3B,,(kafkadre)
,Donghuge Manchild,,BP,,,Left,3B,SS,,(dongerlove)
2032,Chester Facto,,BC,,,Right,SS,CF,,(CheetoFactor)
,El Rapido Jimenez,,BN,,,Right,CF,,,(spencerroloff)
,Fernando Trouble,,BC,,,Right,3B,,,(GatesofDelirium)
2001,Holden Ryder,,BP,,,Right,CF,,,(CarolinaPanthers)
,Flag Amuffin,,BN,,,Right,2B,,,(flagamuffin)
,Nina Nuckolls,,BC,BF,B,Left,P,,,(Pnamz13)
,Cesar Saladen,,BP,,,Left,1B,3B,,(Hawksteady)
,Farzad Ahmadi,,BC,,,Right,3B,2B,,(RatRiddled)
,Chad Baret,,BC,,,Right,LF,,,(chadbarrett)
1983,Jasper Orbit,,BC,,,Left,2B,SS,,(AstrosNation)
,Gristle McThornbody,,BP,,,Right,1B,LF,,(mapleleaftree27)
,Chad Masters,,BP,,,Left,RF,CF,,(Witch_Docter77)
,Peter R. Otagonist,,BP,,,Left,3B,SS,,(Themanwithplanz)
2039,Conor McRedgor,,BC,,,Right,RF,,,(thereddeathpasses)
,Joshua Samson Jr,,BP,,,Right,LF,RF,,(bubbaduke50)
,Methuselah Saltalamacchia,,BC,,,Right,C,1B,,(kloc-work)
,Admiral Jaylen,,BN,,,Right,3B,LF,,Fylaktidis
2021,Baxter Payne,,BN,,,Right,RF,LF,,bgps1180
,Tom Brazy,,BN,,,Right,RF,LF,,TomBrazy
2042,Brandon Aconi,,BC,,,Right,SS,3B,,baconi44
,Gerrit Linguini,,BN,,,Left,CF,RF,,languid-banquet
,Bo Roldon,,BC,,,Right,2B,RF,,boroldon
,Ryan Witsell,,BN,,,Right,2B,SS,,RandyJohnson74
,Salami Joe,,BP,,,Left,RF,LF,,MJA7
,Joshua Mador,,BP,BS,B,Right,P,,,JMocks
,Lee De Leon,,BP,,,Left,C,3B,,lnoelde
113,Kevin Arianna,,BP,,,Right,C,1B,,(hiariannalol)
20,Quint Kimbrel,,BC,,,Left,CF,LF,,(imcerebrus)
2096,Bobson Dugnutt,,,,,,C,1B,,
310,Jameson Poe,,BP,BF,B,Right,P,,,(toli820)
82,Juan Diego De Las Rosas,,BC,,,Right,2B,SS,,(/u/Dancingtree444)
128,Ethan Franklin,,BP,,,Right,1B,LF,,(/u/efranklin13)
,Alex Jones,,BN,BB,B,Right,P,,,(/u/RagingAcid)
163,Rickey Tucker,,BN,,,Right,1B,LF,,(/u/amesker)
,Talious Greyoak,,BN,BF,B,Right,P,,,(/u/Talious_Greyoak)
2132,I.M. Organic,,BP,,,Right,1B,LF,,(/u/Reverse-I_am_Organic)
2147,Sal Shark,,BN,BB,B,Right,P,,,(/u/TheSalsaShark)
,Bartholomew Crumblepuff,,BP,BB,B,Left,P,,,(/u/Eulebar)
2062,James Earl Pwns,,BP,,,Right,RF,1B,,(/u/James_Earl_Pwns)
,Spaghetti Hitchens,,BN,,,Right,C,3B,,(/u/spaghetti_hitchens)
,Ace Brasco,,BC,,,Left,SS,CF,,(/u/clarkhp)
2010,Cambo Dia,,BC,,,Left,CF,LF,,(/u/horseydeucey)
,C.H. Lee,,BN,,,Right,C,1B,,(/u/dadagaja)
,Allen Kennedy,,BC,,,Left,CF,LF,,(/u/JustANormalGuy52)
,Cannonball Dickerson,,BC,,,Left,1B,3B,,(/u/Farley_M)
,Danger Steele,,BC,BF,B,Left,P,,,(/u/djarb)
,Leonidas Webster,,BP,,,Left,RF,CF,,(/u/Rindiee)
,Ambiorix Madhavapeddy,,BC,BF,B,Left,P,,,(/u/ianb605)
,Rex Snare,,BP,,,Right,3B,LF,,(/u/homiej420)
,JaMarcus Speed,,BC,,,Right,2B,SS,,(/u/beauxsox)
2108,Chris Keebler,,BN,,,Right,RF,CF,,(/u/CrumbyCookie)
,Deezy White,,BC,,,Left,SS,3B,,(/u/theduckhunt3r)
,Mike Litterus,,BN,,,Left,3B,2B,,(/u/ChrisBoshDino)
137,Teo Jones,,BC,,,Right,CF,LF,,(/u/creeperfilms)
,Ryan Pleasants,,BC,,,Right,3B,1B,,(/u/rplez)
2006,Xavier Crowbar,,BN,,,Right,2B,RF,,(/u/xCrowbar)
,"Jim ""Slim"" Levis",,BC,,,Left,SS,CF,,(/u/Cowzrock)
,Billy Cutgrass,,BP,,,Left,LF,1B,,(/u/greysfordays)
,Vince Monster,,BN,,,Left,C,3B,,(/u/stogie13)
2042,Brandon Aconi,,BC,,,Right,SS,2B,,(/u/baconi44)
2073,Mike Anderson,,BC,,,Right,C,1B,,(/u/mikea87)
,James McGee,,BN,,,Right,CF,RF,,(/u/jdironman314)
