Player ID,Name,Team,Batting Type,Pitching Type,Pitching Bonus,Handedness,Primary Position,Secondary Position,Teritary Position,Reddit Username,Format #
393,Lord Dennis Birdington IV,TOR,S,NT,B,Right,P,,,/u/crowsocj,12
394,Ryan Gastings,TOR,SM,EG,B,Left,P,,,/u/roothockey,53
395,S.A.R. Dinka,TOR,1B,WC,H,Right,P,,,/u/sardinka,33
396,Mylo Grams,TOR,BC,FP,S,Right,C,1B,,/u/canigetawoop_woop,53
574,Phoenix Wright,TOR,TT,,,Right,C,3B,,/u/Maresen74,33
400,Graham Grams,TOR,SF,,,Left,2B,RF,,/u/roleplayinggrandma1,33
480,Captain Harry C Legs,TOR,1B,,,Left,2B,RF,,/u/i_like_space,53
728,Jeremy Carolina ,TOR,XB,,,Right,2B,SS,,/u/DajBrave,53
724,Jay Peg,TOR,WC,,,Right,SS,CF,,/u/pawprints814,53
405,Sven Jorgenson,TOR,BC,,,Right,3B,RF,,/u/LetsHaveAwkwardSex,53
674,Tsun Dere,TOR,XB,,,Right,3B,LF,,/u/Reikyu09,53
679,Scherbie Fully-Loaded,TOR,S,,,Right,CF,LF,,/u/twinsfan94,53
411,Rabbi Chase,TEX,BN,BB,B,Right,PH,,,/u/RabbiChase,53
413,Superbone Threefinger,TEX,1B,EG,B,Right,P,,,/u/23baseball3,12
646,Aaron Burr,TEX,BN,TT,H,Right,P,,,/u/VirginiaTeamsIGuess,53
752,Skinny Bear Brown Hill,TEX,BN,BS,B,Right,P,,,/u/LigmaKaChigga,53
414,Barney Summers,TEX,1B,,,Left,C,3B,,/u/cougmaster,53
415,Joe Random,TEX,BP,,,Right,C,1B,,/u/slowlycrashing,53
417,Duke McCracken,TEX,BP,,,Right,1B,3B,,/u/Premature_Squirtle,53
419,Takahiro Hirasawa,TEX,BC,,,Left,2B,SS,,/u/CureRedditor,43
691,Arthur Dent,TEX,1B,,,Right,2B,RF,,/u/DEAD_GUY34,53
157,Nikolas Romero,TEX,BN,,,Right,3B,2B,1B,/u/Deekem,53
421,Joe Trundle,TEX,BP,,,Right,LF,RF,,/u/JLoother,53
599,P'quilla Porgsby,TEX,XB,,,Right,LF,1B,SS,/u/cherrimm,53
422,Dixie Wrecked,TEX,BP,,,Left,CF,LF,,/u/DeAndreJohnKins,53
423,Spike McBride,TEX,BN,,,Right,CF,LF,,/u/SpaceCase37,53
17,Haywood Jablome,TEX,BP,,,Right,RF,1B,,/u/AGMarasco,53
270,Mason Miller,CLE,1B,1B,S,Right,P,,,/u/DaveyClarkman4Prez,12
42,Viking Fishbird,TBD,1B,NH,S,Right,P,,,/u/VikingFishBird,43
372,Daoud Mata,TBD,MH,TT,H,Right,P,,,/u/kamikazeaa,53
373,Ed Turner,TBD,BC,BB,S,Right,P,,,/u/Future_Tyrant,53
78,Crimson Chin,TBD,XB,,,Right,C,1B,,/u/D-Habes,53
203,Bradle Beamen,TBD,XB,,,Right,C,3B,,/u/Beadlejuice44,53
326,Chaz Gorbachuck,TBD,S,,,Right,C,3B,,/u/PrankishPoet,53
327,Makesiondon Kelkboom,TBD,1B,,,Right,C,1B,,/u/AZhawk,53
386,Babatunde Oladotun,TBD,BP,,,Right,1B,LF,,/u/officialstc,53
379,Gimpy Schlempteen 32,TBD,1B,,,Right,2B,RF,,/u/Danster21,53
380,Lawrence Wiseman,TBD,BP,BB,B,Right,2B,SS,C,/u/Inexite,53
408,Cole Martinez,TBD,S,,,Right,SS,CF,,/u/BoomerSooner5,53
439,Karl Jernigan,TBD,1B,,,Left,SS,CF,,/u/TheJonestre,33
686,Julio Escobar,TBD,MH,,,Right,SS,CF,,/u/ChowLemon,53
382,Fuzzy Dunlop,TBD,1B,,,Left,3B,LF,,/u/OJTang,53
383,Spitz McGregor III,TBD,HK,,,Right,3B,LF,,/u/ncs53,53
348,Chunky Dongmeister,TBD,MH,,,Left,CF,LF,,/u/Chamale,53
72,Bubba McCali,TBD,XB,,,Left,RF,1B,,/u/BMillz_Reddit,53
352,Filib Al'anhar Jr.,STL,1B,BS,S,Right,P,,,/u/cpt_squishy,53
812,Etsuko Rune,STL,XB,EG,S,Left,P,,,/u/MantoRune,53
355,Chuck Tingle,STL,BP,NH,B,Left,1B,LF,,/u/Iamdumberdore,53
357,Stan Mann,STL,1B,,,Right,1B,3B,,/u/kylesell,23
358,Stephen Bear,STL,XB,,,Right,2B,SS,3B,/u/TrailGuideSteve,53
360,Goldie Jones,STL,WC,,,Right,2B,RF,,/u/mw4rfar3,53
362,Connor Morgan,STL,BC,,,Right,3B,LF,,/u/bigvoldaddy,53
363,Supreme Asslord,STL,1B,,,Left,3B,2B,SS,/u/pianoboner44,53
214,Niklas Sheely,STL,BC,,,Right,LF,RF,,/u/nsheely01,53
367,Buzz Schwinghammer,STL,BP,,,Right,CF,RF,,/u/chillkiller123,53
540,Cockus Mclong,STL,S,,,Right,CF,RF,C,/u/PanicCiti,53
35,Jeffrey Nolan,STL,BP,,,Right,RF,1B,,/u/Acoolgamer6706,12
369,Grimm Carp,STL,BP,,,Right,RF,CF,,/u/enjoyingcarp650,53
370,Tre Nichols,STL,1B,,,Left,RF,1B,2B,/u/tanay002,33
336,Darth Vader,SFG,1B,FP,S,Right,P,,,/u/darthvader1521,12
337,Andrew Peters,SFG,BN,BS,H,Left,P,,,/u/GoodMorningWood,33
345,Junior Longuys,SFG,1B,FP,H,Left,P,,,/u/Reno_ty620,53
338,Eric Cowan,SFG,BN,,,Right,C,1B,CF,/u/Skacowan,53
340,Picov Andropov,SFG,BC,,,Right,C,1B,CF,/u/ElmoLibre,43
223,Kegs Mabry,SFG,HK,,,Left,1B,LF,SS,/u/Kegs_is_great,53
343,Heinrich Frosch,SFG,SF,EN,S,Left,2B,RF,3B,/u/SwissKiss,53
479,Revan Skywalker,SFG,1B,TD,S,Right,2B,SS,,/u/revan1211,53
475,Rage Cagemeister,SFG,BC,,,Right,SS,3B,,/u/King_crapper55,53
523,Luke Admadik,SFG,1B,,,Left,SS,CF,,/u/PM_ME_USED_GIFTCARDS,53
344,Mongster Mash,SFG,1B,NT,H,Right,3B,SS,CF,/u/mongster_03,33
381,Cue Anon,SFG,1B,,,Right,3B,2B,C,/u/cujoespo,53
567,Tucker Doubt,SFG,BN,,,Left,LF,1B,RF,/u/MikeyTKO,53
347,Alexander Hamilton,SFG,1B,BS,H,Left,CF,LF,C,/u/uncloyed,51
349,Kentho Birne,SFG,1B,,,Left,RF,1B,SS,/u/Natsochist,33
350,Lightning Balls,SFG,BC,,,Right,RF,CF,3B,/u/lightning_balls,53
227,Cal Lidous,SEA,SM,NH,H,Right,P,,,/u/Mlfblidous,12
376,Wade Wilson,SEA,BN,BF,B,Right,P,,,/u/DiegoG1014,53
713,Pivot Geller,SEA,BC,WC,B,Right,P,,,/u/TBKLarry,53
754,Ferdinand C. Bull,SEA,WC,WC,S,Left,P,,,/u/Gwendyl,53
788,JZ,SEA,MH,BF,B,Right,P,,,/u/Jzkitty21,53
612,Barry McKockiner,SEA,BN,BS,H,Left,C,3B,,/u/ilikecupcakes123,53
699,Richard Cheese Jr.,SEA,MH,,,Right,C,1B,,/u/Odintar,53
775,LaCarpetron Dukemarriot,SEA,EN,,,Right,C,1B,,/u/Henson77247,53
65,Dakota Carolina Montana,SEA,EN,,,Left,1B,LF,,/u/zatch17,53
66,Daniel Dove,SEA,BP,BB,H,Right,2B,RF,LF,/u/Smurfman254,33
549,Paddy O'Connor,SEA,BC,TT,H,Left,SS,2B,,/u/Apom52,51
560,Napoleon Shortsleeve,SEA,XB,BB,H,Left,SS,CF,,/u/SarcasticCroissant,53
755,Goose Bonk,SEA,S,,,Right,3B,SS,,/u/MN_Moosey,53
776,Renoe McRenoeface,SEA,MH,BS,H,Left,3B,SS,,/u/Deathwing_Dragonlord,53
245,Fly Spaceman,SEA,BN,,,Left,LF,RF,,/u/TheSpaceAge,53
623,Thelonius Junk,SEA,1B,,,Left,CF,RF,,/u/OxygenIsForLiving,33
693,Chicken Joe of Sheboygan,SEA,BC,,,Right,CF,LF,,/u/HamSquad14,53
331,Keyo,SDP,BN,NH,S,Right,PH,,,/u/Ashbymtg,12
181,Boof Jones,SDP,1B,EG,B,Left,P,,,/u/dronelogan,53
275,Richard Northstar,SDP,BP,TT,S,Left,P,,,/u/Strategygameventures,33
610,Francis Swagger,SDP,MH,BS,H,Left,P,,,/u/bellysk8er2005,53
708,Gob Bibson,SDP,XB,NT,S,Left,P,,,/u/southwestTider,33
271,Assassin Xekutioner,SDP,XB,TD,S,Left,C,1B,,/u/TheXekutioner,53
324,Caleb Aiken,SDP,WC,,,Right,C,3B,,/u/nbryson625,53
672,Clarinet Clarinet,SDP,BC,,,Left,1B,3B,,/u/theclarinetsoloist,53
329,Drew Savage,SDP,BC,,,Right,2B,SS,,/u/Xrt3,53
525,Cam'ron West,SDP,1B,,,Right,2B,SS,,/u/DPZ1156,33
529,Wheeler Walker Jr.,SDP,XB,EG,S,Right,2B,SS,RF,/u/Not_Really_Jon_Snow,43
784,Red Fox,SDP,BC,,,Right,SS,2B,,/u/Th3R3dF0x,53
158,Sam Smith,SDP,BP,,,Right,3B,LF,,/u/sasmith2015,53
717,Runner Buehler,SDP,EN,,,Right,3B,2B,,/u/ac41212,53
332,Dixie Normos,SDP,S,,,Right,LF,RF,,/u/glarfquifus,53
772,Mike Fruitstand,SDP,BC,,,Right,LF,RF,,/u/ItsJustFruity,53
746,Michael Scarn,SDP,1B,BB,H,Left,CF,LF,,/u/SadMuffin14,53
774,Amper Sand,SDP,BP,,,Right,RF,1B,,/u/GatorMade_22,53
305,Dylan Green,PIT,1B,FP,S,Right,PH,,,/u/RamblingWreckFromGT,12
58,Atlas Quin,PIT,MH,TT,H,Left,P,,,/u/Pieanator,53
361,Matt Himynamis,PIT,EN,TD,S,Right,P,,,/u/Hi_mynameis_Matt,33
636,Yolo Hernandez,PIT,WC,TT,H,Right,P,,,/u/deedle_dee_23,53
307,Garitek,PIT,EN,,,Right,C,1B,CF,/u/GareDR333,53
308,Moose McCracken,PIT,BC,,,Right,C,3B,,/u/KitandCanoodle,53
309,Emer Bock,PIT,BN,,,Left,1B,LF,RF,/u/gitisbaggz,53
311,Buckeye Logan II,PIT,BC,,,Right,2B,SS,RF,/u/PrinceofPasta,53
477,Abraham Lincoln,PIT,WC,EG,S,Left,2B,SS,,/u/hardzim,43
314,Lance Lummox,PIT,BN,,,Right,SS,CF,,/u/lummoxx,53
579,Magnus Dongfest,PIT,XB,,,Right,SS,3B,C,/u/JSteel,53
313,Junior Biggins,PIT,1B,,,Left,3B,2B,LF,/u/BallLikeRalphSamson,53
647,Walter Yeller Weller,PIT,BN,,,Left,3B,2B,,/u/Saxsquatch,53
654,Cole Schmole,PIT,BC,,,Right,3B,LF,1B,/u/SnareShot,53
315,Sunshine Pardue,PIT,S,,,Left,LF,1B,3B,/u/flwrkid,53
303,Jimmy Johns,PIT,BC,,,Left,CF,RF,LF,/u/323K13L,53
773,Jackie Jill,PIT,BC,,,Right,RF,CF,,/u/SarahWearsaHat,53
293,Charlie Bae Jr.,PHI,BC,WC,B,Left,PH,,,/u/axel323,12
234,Angel Leon,PHI,BN,BS,B,Right,P,,,/u/GK12303,53
284,Hudson Hildebrandt,PHI,SM,TT,H,Left,P,,,/u/SenatorCam,53
285,Joel Embiid,PHI,S,EG,S,Left,P,,,/u/5566y,53
286,Oliver Yu,PHI,TT,TD,B,Right,P,,,/u/HelloAllOfYou,33
304,Basebally McBaseballface,PHI,WC,WC,H,Left,P,,,/u/icanhasadhd,53
669,Mitch Kramer,PHI,SM,NH,H,Right,P,,,/u/bunkermatt,53
287,KC Bats,PHI,BN,WC,H,Right,C,1B,3B,/u/kc3551,53
289,Conor Sexton,PHI,XB,BS,B,Left,1B,3B,,/u/YoloSwagginsV12,53
290,Miguel Snow,PHI,MH,,,Right,1B,3B,LF,/u/biigdog,53
295,Jocko Jones,PHI,BN,,,Right,2B,RF,,/u/Dodger_Rej3ct,53
298,Jeff Dingerhitter,PHI,XB,BB,B,Right,SS,CF,C,/u/thedarkonesarehere,23
681,Billy McBeans,PHI,BP,,,Right,SS,CF,,/u/Capitalist_Turtle_,53
738,Johnny Coppolella,PHI,BC,,,Right,SS,3B,,/u/KillerQueen182,53
226,Phil Coulson,PHI,1B,,,Left,3B,2B,LF,/u/PHICOU10,53
301,Joe Pidgeon,PHI,WC,,,Right,CF,RF,,/u/AnAngryPidgeon,53
650,Chody McCarty,PHI,EN,,,Left,CF,LF,,/u/Ktckintern,53
302,Jackson Takegi,PHI,1B,FP,S,Right,RF,1B,2B,/u/dud5494,33
272,Jimjon Jonjim,OAK,WC,FP,S,Left,PH,,,/u/Tigerfan895,12
2,Rub A. Chikin,OAK,S,BS,H,Left,P,,,/u/rubachikin,53
268,Jeff Steelflex,OAK,1B,TT,H,Left,P,,,/u/cardinalidae,33
745,WILL THE THRILL,OAK,BN,BS,B,Right,P,,,/u/willand714,53
770,Dottie Hooligan,OAK,MH,,,Left,C,1B,,/u/otterHooligan,53
185,Antonin Periwinkle,OAK,XB,,,Left,1B,LF,C,/u/Insendius,53
546,Cal Otter,OAK,1B,,,Left,1B,LF,C,/u/CalOtter,43
273,Max Wasson,OAK,EN,,,Right,2B,SS,,/u/maxwasson2,53
547,Red Arrow,OAK,BC,BS,H,Right,2B,SS,,/u/RedArrow12c,33
12,Lucifer Putts,OAK,SM,,,Left,SS,2B,,/u/PagesofDreams,53
739,Jeter O'Cola,OAK,BC,,,Right,SS,2B,,/u/drp_17,53
781,Grand Salami,OAK,BP,,,Right,SS,3B,,/u/GrandSalami24,53
274,Rich Poorman,OAK,1B,,,Right,3B,2B,,/u/Tsar_Zaar,53
759,Jrue Pierce,OAK,XB,,,Right,3B,SS,,/u/ATLien20,53
14,A.Z. Chapman,OAK,TT,,,Right,LF,RF,3B,/u/AZAthleticsfan,53
701,Sandy Zipp,OAK,EN,,,Left,CF,LF,,/u/ARentPayingSpider,53
712,Shygen Tinybeard,OAK,S,,,Right,CF,RF,,/u/dyslexda,53
193,Limon Cristo,NYY,1B,TD,H,Right,PH,,,/u/llamositopia,53
131,Nori Aru,NYY,1B,FP,H,Right,P,,,/u/Ocelot_Tuga,53
250,Pablo Sanchez III,NYY,SM,NH,S,Right,P,,,/u/xBigChuck,33
375,Tanner Hendrix,NYY,BN,BS,H,Left,P,,,/u/Running2018,53
742,Pesky Burrito,NYY,1B,FP,H,Right,P,,,/u/PeskyBurrito,53
256,Tyrone Jennings,NYY,WC,EG,S,Left,C,3B,LF,/u/AuraxisKnight,53
783,Pete Wheeler,NYY,XB,,,Right,C,1B,,/u/therealslimcampbell,53
538,Reuben Sand-Witch,NYY,BP,,,Left,1B,LF,,/u/1-800-CAT-ANUS,53
259,Layzer Gunn,NYY,XB,EG,S,Right,2B,SS,,/u/Twilight_Ike_Galaxy,23
260,Oliver Skipp,NYY,BC,,,Right,2B,RF,,/u/soccerpro5674,53
160,Zum Saparilla,NYY,1B,,,Left,SS,3B,,/u/zamboneh,53
706,Charles Martel,NYY,S,,,Right,SS,2B,,/u/kingamazing7203,53
587,Ichabod Crane Weiner III,NYY,XB,,,Right,3B,2B,C,/u/Whiteandnerdy42,53
510,Ray Dingerz,NYY,1B,,,Right,LF,RF,,/u/HuskerJare,53
247,Daxton Riley,NYY,XB,,,Right,CF,LF,,/u/Adrianthereb,53
238,Ben Bramly,NYM,XB,EN,B,Right,PH,,,/u/bzb113,12
233,Johnny Dickshot,NYM,WC,FP,S,Right,P,,,/u/NumberOneDork,53
235,J.E. Wilkins,NYM,SF,WC,B,Right,P,,,/u/LightHail,53
517,Ryan Tyburn,NYM,1B,NH,H,Right,P,,,/u/thelordstrum,33
527,Jack Yakker,NYM,WC,NH,B,Right,P,,,/u/Hoagie7,53
205,Patrick Doyle,NYM,BP,,,Right,C,3B,,/u/BaseScoutX1,53
558,Star Burns,NYM,BP,EG,B,Right,C,3B,,/u/I_AM_STARBURNS_AMA,53
643,Max Hammersmith,NYM,MH,,,Right,C,3B,1B,/u/Morphenominal,53
487,dick richards,NYM,BC,BS,B,Right,2B,SS,,/u/richard7774,51
492,Wallace Grommet,NYM,BC,WC,S,Right,2B,1B,,/u/klittle6,53
779,Ian Sutphin,NYM,BC,,,Right,2B,SS,,/u/PrimalCookie,53
638,Sablo Panchez,NYM,BC,,,Right,SS,CF,,/u/KurtVonnebeergut,23
500,Orlando Champagne,NYM,BP,BS,H,Right,3B,LF,,/u/KnowedgeandStupidity,53
594,Deej Gambino,NYM,WC,,,Right,3B,LF,,/u/deejus56,53
734,Kevin Harrison,NYM,S,,,Left,3B,2B,,/u/yellowcat5,53
683,Kris Kringle,NYM,1B,,,Right,LF,1B,,/u/Spidermanno,53
334,Dwayne Stevenson,NYM,XB,,,Right,CF,RF,,/u/hrcnhntr613,53
409,Josh Gordon,NYM,S,,,Left,CF,RF,,/u/Ionicshoe,53
146,Jerry Jingles,NYM,BP,,,Right,RF,CF,,/u/AncientSphere,53
248,Cannibal Johnson,NYM,BP,EG,H,Right,RF,1B,,/u/cannibaljohnson2,33
390,Joey McCarty,MTL,XB,BS,B,Right,PH,,,/u/Joester09,12
175,Jasmine Skyla,MTL,1B,BS,S,Right,P,,,/u/itsjazzyg,53
310,Jameson Poe,MTL,BP,NT,H,Right,P,,,/u/Toli820,53
391,Maxelia Gray,MTL,MH,BS,S,Right,P,,,/u/TehBamlEaucs,53
392,Haydn Werfer,MTL,MH,NH,H,Left,P,,,/u/XemyrLexasey,33
740,Bartholomew J. Bottomtext,MTL,SM,BF,H,Left,P,,,/u/veggieswithtanks,53
397,Stella Adams,MTL,BP,,,Right,C,3B,,/u/chaahps,53
644,Rhys Wilson,MTL,EN,,,Left,C,3B,,/u/Sittler66,53
79,Jumbo Dick,MTL,BP,,,Left,1B,LF,,/u/szabes,53
291,S-E V-E Newman-Costanza,MTL,EN,,,Left,1B,LF,,/u/NowIOnlyWantATriumph,53
401,Iris Solstice,MTL,BP,BS,H,Right,2B,1B,,/u/riiolu,53
406,Catfish O'Acid,MTL,BC,BF,H,Right,SS,3B,,/u/CatsOnAcid,53
497,LisaLisa LisaLisa,MTL,BC,,,Right,SS,CF,,/u/aPaperFastener,53
697,Alaric Davis,MTL,SM,TD,H,Left,SS,CF,,/u/evileyeofurborg,53
330,Donked McToad,MTL,MH,,,Right,3B,2B,1B,/u/d0nked,53
483,Blose Blerblanblez,MTL,BC,,,Right,3B,LF,,/u/randythemartin,53
703,Emerson Austin,MTL,BP,BF,H,Right,3B,SS,,/u/MarkShrekerburg,51
726,Dirk Thrustmore,MTL,XB,,,Right,3B,SS,,/u/Benny_Bats23,53
56,Ziggy Cedar,MTL,S,,,Left,RF,1B,,/u/ziggmiceter,53
90,Bob Robb,MTL,S,,,Left,RF,CF,,/u/Gameran,53
698,Shirley Sir,MTL,EN,,,Right,RF,CF,C,/u/SoneRandomUser,43
339,Isaac Snowbender,MIN,MH,FP,H,Left,PH,,,/u/mvh1015,12
320,Filet-Mignon Jackson,MIN,SM,NH,H,Left,P,,,/u/Labstercg,53
342,River Ride,MIN,SM,NH,S,Right,P,,,/u/rideride,33
495,Oral Nanny,MIN,MH,BS,H,Right,P,,,/u/regardingregards,53
113,Kevin Arianna,MIN,MH,TD,S,Left,C,3B,,/u/hiariannalol,53
354,Jack Jackie Jackson,MIN,MH,,,Right,C,1B,,/u/Jaxx_on,53
606,Homer Nocker,MIN,1B,EG,S,Right,C,3B,LF,/u/CableCubed,51
530,Ping Pong,MIN,MH,,,Left,1B,LF,SS,/u/Bearmay33,53
7,Tony McGooch,MIN,S,,,Right,2B,SS,CF,/u/lawlrhus,53
518,Arthur Vandelay,MIN,1B,NT,H,Right,2B,SS,,/u/Dahdscear,23
617,D'Lo Brown,MIN,WC,,,Left,2B,1B,3B,/u/Hethreck,53
662,Joey Wheeler,MIN,BP,BS,B,Right,2B,SS,3B,/u/hartman_,53
671,Heechul Kim,MIN,BN,,,Right,2B,SS,,/u/Entidus,53
486,Gonzo Alonzo,MIN,BP,,,Right,SS,CF,3B,/u/cavebac0n,53
584,Eadwyn Mustafa,MIN,BP,,,Right,3B,LF,1B,/u/Eadwyn,53
609,Roy Hobbs,MIN,1B,,,Right,LF,RF,,/u/mrgiraffe000,53
16,Thomas Chiggins,MIN,BP,BS,B,Right,CF,RF,C,/u/cookie1763,53
498,TJ McConnell,MIN,MH,,,Right,CF,RF,3B,/u/TTP2521,53
582,Richard Donkus IV,MIN,BP,EG,S,Left,RF,1B,CF,/u/JLPhiTau,53
148,Chipper Dipper,MIL,MH,NT,B,Right,P,,,/u/IEatTranslations,53
217,Benjamin Abenduct,MIL,1B,WC,H,Left,P,,,/u/bowlkart,53
253,Tommy Foxconn,MIL,SM,NH,S,Right,P,,,/u/Tbird4427,53
600,Johnny Hendrix,MIL,SM,BS,B,Right,P,,,/u/givemdaeephus,31
197,Hans Ali,MIL,1B,NH,S,Right,C,1B,,/u/hanstheman33,33
202,Alex Moran,MIL,1B,,,Right,C,1B,,/u/C-Doge,53
255,S. Jay Cutler,MIL,BP,,,Right,C,1B,,/u/Mellam0,53
206,Gil Metz,MIL,XB,,,Left,2B,SS,3B,/u/Metssuck,53
607,Eli Sasak,MIL,BN,,,Right,2B,SS,,/u/TheRealDraid,53
47,Ross Fire,MIL,1B,,,Right,SS,2B,1B,/u/Crossfire912,53
187,Alex Peters,MIL,S,,,Right,SS,CF,,/u/Starracer88,53
209,Gianni,MIL,BC,,,Right,SS,2B,,/u/SlySpacialArc,53
212,Mike Hawk,MIL,BN,,,Right,SS,CF,,/u/Titans55,53
207,J.J. Guemes,MIL,1B,TT,H,Right,3B,2B,,/u/josephr333,12
208,Tommy Testudo,MIL,WC,,,Right,3B,2B,,/u/cxb17,53
215,Justin Dingers,MIL,XB,,,Right,CF,LF,,/u/tcrain99,53
316,Ashton Westenburg,MIL,BC,,,Right,CF,RF,,/u/ashtonwestenburg,53
144,Homer Pimpson,MIL,WC,,,Left,RF,1B,,/u/bluesox,53
37,Artanis Jones,MIA,SM,BS,H,Left,P,,,/u/AdmiralJones42,53
182,Fish Fingers,MIA,BC,NH,S,Right,P,,,/u/Mr_M_11,53
562,Rotticus Scott,MIA,XB,BF,B,Right,P,,,/u/SenorBlaze,31
180,Demetrios Ooga,MIA,BC,EG,S,Left,C,3B,RF,/u/oogadebob,12
184,Henry Crowell,MIA,EN,EN,S,Right,C,1B,3B,/u/henrysstashofmemes,53
416,Dallas Houston,MIA,BP,,,Right,1B,3B,,/u/mbless1415,53
727,Matt Conzo,MIA,WC,WC,B,Right,1B,3B,,/u/xconzo,53
116,Mattress Cadaire,MIA,BC,BS,S,Right,2B,SS,,/u/tallbeardedguy,53
190,Lane Drew,MIA,BC,NH,S,Left,SS,2B,,/u/StridentBoss,53
262,Dirtbag Darrell,MIA,BN,EG,S,Left,3B,SS,,/u/bearded_wildcard,23
191,Andrew Supernova,MIA,TT,,,Left,LF,1B,,/u/Schauera30,53
192,Javier Tootblan,MIA,XB,,,Right,LF,RF,C,/u/AlloftheDerp,53
194,Joe Watson,MIA,WC,TD,S,Right,CF,LF,,/u/Crazymonkey1013,53
665,Bench Warmer,MIA,XB,BS,H,Right,RF,1B,,/u/qomsday,53
163,Rickey Tucker,LAD,XB,TD,S,Right,PH,,,/u/amesker,12
20,Q Kimbrel,LAD,BN,NH,S,Right,P,,,/u/imcerebrus,53
164,Artie Ziff,LAD,S,TT,S,Right,P,,,/u/Mennonite_barbie,53
165,Geno Scaramucci,LAD,EN,NT,B,Left,P,,,/u/Silky_Mango,33
478,Bobo Bones,LAD,WC,WC,S,Left,P,,,/u/Brodicium,23
168,Bo-Horse Jackman,LAD,BN,,,Right,C,3B,,/u/Phillyproud21,33
204,Coco Watanabe,LAD,1B,,,Right,C,3B,1B,/u/jorleeduf,53
545,Randy Poovey,LAD,1B,,,Left,1B,LF,,/u/Arippa,53
170,Aych Imtiyaz,LAD,BC,,,Right,2B,1B,,/u/Aychim,53
573,Anthony Stark,LAD,XB,,,Right,2B,RF,,/u/Wileycyote9,53
640,Caleb Craven,LAD,BC,,,Right,2B,SS,,/u/Slowlow24,51
173,Federal Credit Union Boi,LAD,1B,,,Right,SS,CF,C,/u/latenitekid,53
174,Ted James III,LAD,1B,,,Right,SS,1B,,/u/TheTCHammer,53
172,Chad Berry,LAD,WC,,,Right,3B,2B,1B,/u/Humble_Aim_Bot,53
571,Tony Ragebringer,LAD,1B,,,Right,3B,LF,,/u/trogman,53
771,Lee Allen Ripley,LAD,XB,,,Right,3B,LF,,/u/SubcheckForum,53
178,Clifton Outlaw,LAD,BN,,,Left,CF,RF,,/u/theshinymew64,53
179,Scotty Smalls,LAD,BC,,,Right,CF,RF,,/u/See_You_Laterr,53
152,Francis James Wellington IV,LAA,XB,TT,H,Right,PH,,,/u/Nola2Tx41,12
714,Randy Pole,LAA,SF,TT,S,Right,P,,,/u/MattA2930,53
614,Joe Nastasi,LAA,WC,,,Right,C,3B,1B,/u/Phil_wswguy,53
730,Kyle Bellinger,LAA,EN,,,Left,C,3B,,/u/maxcrazy,53
399,Jake Wexler,LAA,HK,,,Left,1B,3B,,/u/StatefromJakeFarm,53
210,Chris P. Bacon,LAA,BC,FP,S,Right,SS,3B,,/u/jlscavni,53
49,Austin Schwartz,LAA,1B,,,Left,LF,RF,CF,/u/Cubzlover84,53
161,Girth Brooks,LAA,BN,,,Right,LF,1B,C,/u/Velocitron,53
533,Dr. Tuna Altuna,LAA,S,FP,S,Right,CF,LF,RF,/u/AdrianANH,53
707,Kyle Corbett,LAA,BP,BS,B,Right,CF,RF,,/u/bryceryals42,23
162,Whit Merto,LAA,BC,,,Right,RF,CF,,/u/robertwhitmer,53
389,Peter Peckershine,LAA,BC,1B,,Right,RF,CF,LF,/u/Mobbin,53
135,Lloyd Gross,KCR,XB,BS,H,Left,PH,,,/u/Cringe23,12
3,Syd Kidd,KCR,BN,EG,B,Left,P,,,/u/MNSyd,53
127,Zander Ackley,KCR,S,TT,H,Right,P,,,/u/ZAndMan3737,53
129,Hayden McCloud,KCR,XB,WC,S,Left,P,,,/u/teamcrazymatt,53
130,Brett Breadard,KCR,1B,TD,H,Left,P,,,/u/Zephaerus,53
653,Jobert Maclin,KCR,SM,BS,B,Right,P,,,/u/the_smol_tol_bean,53
132,Carlos Brownson,KCR,WC,WC,H,Left,C,3B,LF,/u/Sickboy2212,53
133,Garren Smudge,KCR,BP,TT,H,Left,C,3B,2B,/u/inocain,53
136,Tyler Gordon,KCR,S,EG,B,Left,1B,LF,,/u/Worldsgame19,53
137,Teo Jones,KCR,S,BS,B,Right,2B,SS,,/u/creeperfilms,53
138,Donnie Draper,KCR,S,,,Right,SS,2B,,/u/-Don-Draper-,53
139,Mako Bierman,KCR,BP,,,Left,SS,2B,,/u/Mako_22,53
371,Robin Reynolds,KCR,TT,,,Right,3B,1B,,/u/kekar29,33
493,Mutton Happleburth,KCR,BP,,,Left,3B,2B,,/u/magnusarin,53
176,Fernando Cruz,KCR,BP,,,Right,LF,RF,,/u/jlh2b,53
140,Rob Patterson,KCR,EN,,,Left,CF,LF,,/u/pappy96,53
141,Slapshot Brady,KCR,XB,,,Right,CF,LF,1B,/u/Swiggityswagkerman,23
143,Tommy Oldman,KCR,S,,,Right,CF,RF,,/u/rosasatonaka,53
491,Harry Paratesstykals,KCR,S,,,Right,CF,LF,,/u/sptltp,53
128,Ethan Franklin,KCR,1B,,,Right,RF,CF,,/u/efranklin13,33
117,Harry Peritestes,HOU,1B,EG,H,Right,PH,GM,,/u/Huskie1997,12
109,Derek Bongiovanni,HOU,1B,FP,B,Right,P,,,/u/MiguelSlamdujar,53
111,Thomas Beowulf Jr.,HOU,SM,BS,B,Left,P,,,/u/analogboy56,53
112,Willoughby Hoose,HOU,BC,TT,H,Left,P,,,/u/Woozy_Woozle,53
108,Sam Wood,HOU,BC,BS,S,Left,C,1B,,/u/brownspectacledbear,33
114,Rocco Rudnikov,HOU,HK,,,Right,C,3B,,/u/BrockSlamson,33
186,IBO Bust,HOU,1B,,,Right,2B,SS,,/u/Shadolor,53
119,Ola Gjeilo,HOU,1B,,,Right,SS,2B,,/u/munkysnuflz,53
118,Luap Renraw,HOU,1B,,,Right,3B,SS,,/u/ruffyen,53
501,Fuzzy Spit,HOU,XB,,,Right,3B,SS,,/u/Exile_The_Fallen,53
696,Ayden Davis,HOU,EN,BS,S,Right,3B,SS,,/u/ThatImpGuy,53
121,Chaz McDunnough,HOU,S,,,Right,LF,1B,SS,/u/Freshgeek,53
122,Riles McGiles,HOU,EN,,,Right,LF,1B,,/u/Riles_McGiles,53
88,JR Smoove,HOU,BN,,,Right,CF,LF,,/u/bossfrog48,53
125,Triston Uzumaki,HOU,BP,BS,H,Right,CF,RF,SS,/u/talknojutsu312,53
520,Iama Human,HOU,MH,,,Right,CF,RF,,/u/chainburn,43
126,Rex Kidobi,HOU,BC,,,Left,RF,CF,3B,/u/Darkacez44,53
92,Dick Woolridge,DET,BP,BS,B,Right,P,,,/u/Nolar2015,53
93,Mackin Tosh,DET,SM,NT,S,Right,P,,,/u/MasterCashier,53
94,Pete Goldinger,DET,BC,NH,B,Right,P,,,/u/DelverOfSqueakwets,53
474,Xerxes Dalin,DET,BC,BF,H,Right,P,,,/u/TheChillinPill,12
1,Thomas Nova,DET,BP,FP,H,Left,C,3B,2B,/u/AtomikaNova,53
766,Zombo Domino,DET,1B,,,Right,C,3B,,/u/AFA_Falcon1396,53
97,Buck Armstrong,DET,BP,,,Right,1B,3B,SS,/u/farway2000,53
99,Tyler Phoenix,DET,SM,,,Right,1B,3B,,/u/Touchdownmike55,53
100,Merodach Baladan,DET,1B,,,Right,2B,SS,LF,/u/ghostelephant,53
306,Foxx Dashington,DET,XB,,,Right,2B,RF,,/u/thedashingfoxworking,53
485,Francois Onime,DET,WC,TD,H,Right,2B,SS,,/u/theFrownTownClown,51
103,Mason Spurs,DET,BC,,,Left,SS,2B,3B,/u/miasanspurs,53
91,John Johnson Jr.,DET,S,BF,H,Right,3B,LF,SS,/u/Barnsley1001,53
101,Casey Nine,DET,BC,,,Left,3B,SS,,/u/kc9kvu,53
104,Morris Deratt,DET,BN,,,Left,LF,RF,2B,/u/debater3301,23
105,Mike Oxlittle,DET,BN,,,Right,CF,LF,RF,/u/rmcauliffe,53
106,Sevag Vapor,DET,BC,,,Right,CF,LF,,/u/savagevapor,53
700,Edward Freeman,DET,BC,,,Left,CF,RF,,/u/Wizedex,53
107,Otis Nixon Sr.,DET,MH,,,Left,RF,CF,,/u/almostthenewestdad,53
183,Valeria Lisova,CWS,XB,NH,S,Left,PH,,,/u/LocksTheFox,12
149,Alyx Sabor,CWS,TT,TT,H,Right,P,,,/u/Jaredsabor,33
201,Teddy Blisblinne,CWS,BN,NH,S,Left,P,,,/u/TeddyMcShreddie,53
220,Charles Magnus,CWS,BP,BS,S,Right,P,,,/u/CharlemagneOfTheUSA,33
729,Scrub Magooch,CWS,WC,FP,H,Left,P,,,/u/Beanzz_,53
151,Indy Sayne,CWS,BC,,,Right,C,1B,,/u/Museamaniac,53
516,Blackbean Burrito,CWS,1B,EG,H,Right,C,3B,,/u/TheDuckyNinja,53
702,Jacky Wacky,CWS,EN,EN,S,Right,C,3B,,/u/jackvd_,53
402,Maddy Berg,CWS,1B,,,Right,2B,RF,,/u/JJPower2,53
346,Hunter Tuzero,CWS,XB,,,Right,SS,CF,,/u/hunter-2_0,53
513,Slacker JonnyHustle,CWS,BP,FP,H,Right,SS,2B,,/u/iusethisatwrk,53
559,Trevor Mouseman,CWS,BC,,,Right,SS,2B,RF,/u/mrmouseman,53
608,Jimmy Doolittle,CWS,XB,,,Right,3B,2B,LF,/u/aviator147,53
229,Ethyn Williams,CWS,TT,,,Left,LF,RF,,/u/BlackNasty4028,53
246,KayLee Stewart,CWS,BP,,,Right,LF,RF,,/u/Rand0m0sityxX,43
264,Skye McDowell,CWS,EN,NH,S,Right,LF,1B,,/u/nayseloid,31
277,Becky McBadbat,CWS,WC,,,Left,LF,RF,,/u/madelyncr,53
583,Roland Kholin,CWS,1B,NH,B,Left,CF,RF,,/u/Sandsrashu,53
145,Jack Meloy,CWS,BP,,,Right,RF,1B,,/u/TheMooseHerder,53
266,Cam Singleton,CWS,1B,EG,S,Left,RF,CF,C,/u/SweatpantsDV,53
73,Jack Alpha,COL,BN,BB,B,Right,PH,,,/u/androidsen,12
75,Garrett Evans,COL,BC,BS,B,Right,P,,,/u/legacy3233,53
76,Hank Murphy,COL,1B,FP,S,Right,P,,,/u/squishfacethegloop,53
535,Donkey Kong,COL,BC,BS,B,Left,P,,,/u/Send_Me_Otter_Pics,53
77,Buttfart McPoopus,COL,BP,WC,S,Right,C,3B,2B,/u/Funkmon,53
167,Ronald Eagle Jr.,COL,1B,,,Right,C,3B,,/u/reagens_eagle,53
590,Buttington Plugsworth,COL,BC,,,Right,C,3B,,/u/GrundleDumpster,53
80,Steel Pipe Simpson,COL,BP,,,Left,1B,LF,,/u/ClintonBalls,53
169,Todd Bonzalez II,COL,BN,,,Left,1B,LF,,/u/Spear585,53
81,Dick McScrotington,COL,BC,,,Left,2B,SS,,/u/ConstantQuarreling,53
82,Juan Diego De Las Rosas,COL,1B,,,Right,2B,SS,,/u/Dancingtree444,53
83,Les Dee-Ache,COL,WC,,,Right,2B,SS,RF,/u/Icacium,53
84,Henrik Omega,COL,BP,FP,S,Left,3B,SS,,/u/tomas3345,53
676,Joe King,COL,BP,,,Left,3B,LF,1B,/u/jcking04,53
87,Jesse Kilgannon,COL,BC,,,Right,CF,LF,SS,/u/dragoncockles,53
521,Jon Jay's Booty,COL,1B,,,Left,CF,LF,,/u/JonJaysBooty,53
89,Gottlieb Giannopolous,COL,EN,,,Right,RF,1B,C,/u/HighVoltLemonBattery,53
620,Edward Duncan,COL,TT,,,Right,RF,CF,,/u/ESCMalfunction,53
252,Tara Dactyl,CLE,BP,TD,H,Right,PH,,,/u/q77e,53
150,Pickle Rick Vaughan,CLE,MH,NT,H,Right,P,,,/u/Norosesxvx,53
258,Tyler Palmatier,CLE,SM,NT,H,Right,P,,,/u/Jagsfootball51,53
524,Lawless Gomez,CLE,WC,NH,H,Right,P,,,/u/abedagreat,33
687,Andrew Reed,CLE,1B,BF,H,Right,P,,,/u/Aierr,53
254,Biff Studd,CLE,TT,,,Right,C,3B,1B,/u/OldManWiggy,53
553,Joshua Jones,CLE,BP,EG,H,Left,C,3B,,/u/SorokasNeck,53
564,Nate Kondylis,CLE,XB,,,Right,C,1B,RF,/u/phillygear3,53
257,Hingle McCringleberry,CLE,EN,,,Left,1B,3B,2B,/u/tress10,53
631,Oswald Thatendswald,CLE,TT,,,Left,2B,LF,,/u/CaucasianFury,53
648,Randy Townsend,CLE,MH,,,Right,2B,1B,SS,/u/a_vaught,53
765,Baron Harold Willingsby,CLE,HK,,,Right,2B,RF,,/u/clipper_murray,53
572,Johnny Johnson,CLE,XB,,,Right,SS,3B,,/u/dragonknight247,53
639,Bingo Hammersmith,CLE,WC,,,Left,SS,CF,RF,/u/Weighthewedge,33
675,Speedo Meter,CLE,S,TD,B,Right,SS,CF,,/u/EricS53,12
595,Dudenstein Candyman,CLE,XB,,,Right,3B,LF,CF,/u/Inverted2wiceOver,53
472,Hefe Rojo,CLE,1B,,,Right,LF,RF,,/u/BooguhRed,53
757,Michael Hunt,CLE,BP,,,Right,CF,LF,,/u/Dv2890,53
780,Matt Taylor,CLE,BC,,,Right,CF,RF,,/u/matt__17,53
36,Jericho Caulfield,CIN,WC,FP,H,Right,PH,,,/u/Socc13r37,12
39,Whitt Bass,CIN,1B,NT,S,Right,P,,,/u/kickthepony,33
196,Big Nutty,CIN,WC,WC,B,Right,P,,,/u/PrinceCrinkle,53
321,Richard Saks,CIN,SM,BS,H,Right,P,,,/u/Minoripriest,53
41,Thaddeus Gomorrah,CIN,BC,,,Right,C,3B,2B,/u/ThaddyG,53
323,C.J. Yantzi,CIN,SF,,,Right,C,3B,,/u/11th_Plague,53
557,Monty Johnson,CIN,WC,,,Left,C,3B,,/u/TheMontyJohnson,53
48,Willow Briansdottir,CIN,WC,,,Right,2B,RF,SS,/u/jokullmusic,53
282,Bluebird Abernathy,CIN,BC,,,Left,2B,1B,,/u/jayyburdd,53
294,Dwendle Van Hammersmith,CIN,1B,,,Right,2B,SS,,/u/Pieladin,53
580,Derek Tombides,CIN,EN,,,Right,2B,SS,RF,/u/OCSC_Dylan,53
46,Jackson Sanchez,CIN,XB,,,Right,SS,3B,,/u/False-Skepti-X,53
159,Vigolashi Dongeroso,CIN,S,,,Left,SS,CF,,/u/matthewwb,53
244,Caelan Rooney,CIN,EN,,,Right,SS,CF,,/u/EveryRespect,53
45,LaPrince Frye,CIN,BC,,,Right,3B,SS,CF,/u/revilingneptune,53
490,Zelk Antilles,CIN,1B,NT,H,Right,3B,LF,,/u/CaptainSolo96,21
50,Blandon Brade,CIN,BP,,,Right,LF,1B,C,/u/ChiaTiger,53
335,Taiki Shuttle,CIN,WC,,,Left,CF,RF,,/u/datenshiii,53
54,Katia WÃ¶lfe,CIN,EN,EN,B,Left,RF,CF,,/u/canuckdude22,33
55,Rick McLightning,CIN,BN,,,Right,RF,1B,3B,/u/evan466,53
63,Michael Ikenberry,CHC,SM,BB,B,Left,PH,,,/u/JoBe2413,12
59,Nick Tits,CHC,1B,NT,H,Right,P,,,/u/Huskerfan90001,53
70,Ducci Verducci,CHC,MH,EG,S,Left,P,,,/u/CoolCoolCoolidge,53
188,Tonto Kowalski,CHC,SM,FP,B,Left,P,,,/u/Gschlim,53
605,Sini Alexander,CHC,1B,WC,H,Right,P,,,/u/PM_ME_YOUR_JOYS,53
377,Isaac Saffron,CHC,1B,WC,S,Left,C,1B,,/u/izsaf,53
292,Scottish Tweegy,CHC,BC,,,Right,1B,3B,SS,/u/tweegyjambo,53
67,Leonard Boyfriend,CHC,1B,NT,H,Left,2B,RF,,/u/iunnolol,53
68,Erin Pickles,CHC,WC,,,Right,2B,SS,,/u/erindizmo,53
155,Nikki Falke,CHC,BC,,,Left,2B,1B,,/u/F117Nighthawk,53
522,Good Doggo,CHC,BC,EG,S,Right,2B,RF,,/u/FlamboDoggo,23
719,Nikola Tefla,CHC,1B,FP,S,Left,SS,CF,,/u/Feronin,33
741,Luther Strangelove III,CHC,1B,,,Right,3B,LF,,/u/Steinbach23,53
603,Broc Li,CHC,BC,,,Left,LF,RF,C,/u/amkashyap,53
71,Miroslav,CHC,BC,FP,S,Right,CF,LF,,/u/nikolaer_,33
534,Roger Over,CHC,WC,,,Right,RF,CF,,/u/mjrlg,53
18,Jordan Peppers,BOS,1B,FP,H,Right,PH,,,/u/bacon__sandwich,12
21,Silver Edgeworth,BOS,BP,BF,B,Right,P,,,/u/Eddytarr,53
22,Spike Suzuki,BOS,BP,NT,B,Left,P,,,/u/xbijin,53
471,Frank Rivers,BOS,SM,BF,S,Right,P,,,/u/Redditor_1022,53
585,Thatisno Pinettar,BOS,SM,WC,S,Left,P,,,/u/Activefou,53
24,Nate Lewis,BOS,BC,,,Right,C,3B,1B,/u/SonicRainboom13,33
685,Yeety Pete,BOS,TT,,,Right,C,3B,,/u/Flywolfpack,53
813,Tendaji Okoye,BOS,EN,,,Left,C,3B,,/u/lakers4life1214,53
25,Rusty Shackleford,BOS,HK,,,Left,1B,3B,RF,/u/BruceHopper,53
98,Kenneth Moore,BOS,BN,,,Left,1B,3B,,/u/km0re,53
26,Ben Beezle,BOS,WC,,,Right,2B,SS,C,/u/B0ndzai,53
29,Eric Leeder,BOS,SF,BS,B,Right,SS,2B,,/u/Epipen101,33
278,Dominus Nominus,BOS,SM,BS,B,Right,LF,1B,,/u/steelermade28,33
33,Brian Zucchini,BOS,BC,,,Left,CF,LF,,/u/Ricochet1039,53
622,Delta Airlines,BOS,1B,,,Left,CF,RF,,/u/tim696969,53
34,Dixon Uraz,BOS,S,,,Left,RF,CF,,/u/club_toasty,43
597,Charpasm Chim,BOS,XB,SF,H,Left,RF,CF,,/u/ssk417,53
32,Larry Longshot,BAL,BP,FP,S,Right,PH,,,/u/TrickyTroy2,12
4,Chip Otle,BAL,MH,BS,H,Left,P,,,/u/Mcastagnaro30,53
166,Lefty Louis,BAL,SF,FP,S,Left,P,,,/u/lewislewes,53
283,Charlie Yeager,BAL,EN,BS,H,Left,P,,,/u/EdgarLOLZ,53
481,Jordan Lamas,BAL,BC,NH,H,Right,P,,,/u/Wiulamas,23
378,dad,BAL,TT,EG,H,Right,C,1B,,/u/close_,53
570,Deku Matsui,BAL,BP,,,Right,C,1B,,/u/zman2143,53
762,Legend 27,BAL,1B,,,Right,C,1B,,/u/Bighump1,53
240,Doob Tuber,BAL,XB,TT,H,Left,1B,LF,RF,/u/doob26,53
488,Juniped Catfish,BAL,BP,TT,H,Right,1B,3B,,/u/Juniped,33
629,J.J. Romero,BAL,BN,,,Right,2B,SS,,/u/ji0vanni,53
10,Emmett Michael,BAL,1B,BS,H,Left,SS,CF,3B,/u/SemiCharmedMike,33
663,Nico Bico,BAL,TT,TD,S,Left,SS,CF,,/u/Peterdkidk,53
596,Poop McGee,BAL,XB,BS,H,Left,3B,2B,,/u/Am3yankees3,53
782,Mike Hampton,BAL,TT,,,Right,3B,SS,,/u/Bro1999919,53
213,Jack Marnette,BAL,1B,,,Right,LF,RF,,/u/jmarnette,53
723,Trent Nat,BAL,BP,NT,S,Right,CF,RF,,/u/vinnymac44,53
649,Nelson Van Halen,BAL,XB,,,Right,RF,CF,,/u/radpoolparty,53
218,Thomas Beowulf,ATL,WC,BF,S,Left,PH,,,/u/Tbeowulf,11
74,Einhorn,ATL,SF,TT,H,Right,P,,,/u/Einhornfarm,53
216,Petetholomew Jones,ATL,WC,EG,B,Left,P,,,/u/benevolentantagonist,53
219,Chris Orosz,ATL,WC,EG,B,Right,P,,,/u/Aenir01,53
802,B.a. Dickey,ATL,S,NH,S,Left,P,,,/u/Fetchwell,53
6,Xavier Quinn Jr.,ATL,BP,,,Right,C,3B,,/u/jetman999,53
720,Dick Pole,ATL,MH,,,Right,C,1B,,/u/wblewis45,53
732,Esmerelda Skysurfer,ATL,HK,,,Right,C,3B,,/u/esmereldaskysurfer,53
661,Lincoln Lincoln,ATL,WC,,,Right,2B,RF,CF,/u/DoubleLincoln,53
731,Sammy Tee,ATL,S,NT,H,Right,2B,SS,,/u/Squizzykins,53
499,Nick Papagiorgio,ATL,EN,,,Right,3B,SS,,/u/NoFuchsGiven42,53
502,Johnnie Twofingers,ATL,XB,TT,H,Right,3B,2B,,/u/Zpheldin,33
5,Y.E. Wally,ARI,TT,WC,H,Right,P,,,/u/whywebuildthewall,53
604,Callie Braden,ARI,MH,BS,H,Left,P,,,/u/AllInWithOakland,53
624,Geoff Swrd,ARI,SM,BF,H,Right,P,,,/u/captainGeraffe,53
777,Jaeger Ward,ARI,SF,TT,B,Right,P,,,/u/bigballsbaseball,53
602,Duke Silver,ARI,WC,,,Right,C,3B,,/u/Klove4252,33
241,Jay Money,ARI,HK,,,Right,1B,LF,,/u/iJayMoney,53
660,Carlos Keller,ARI,1B,,,Right,1B,3B,,/u/finnabagit,53
743,Festus Ezeli,ARI,1B,,,Right,2B,SS,,/u/drewandpedey,53
13,Reimer Gonzalez,ARI,WC,BS,H,Right,SS,CF,,/u/DeanNeedsANewAccount,53
539,Stubby Footman,ARI,BN,,,Right,3B,2B,,/u/saxaddict14,53
705,Viktor Patterson,ARI,XB,,,Right,3B,LF,C,/u/Soyrman,33
756,Jayson Kincaid,ARI,BP,,,Right,LF,1B,,/u/Silvarness785,53
651,Rusty Nails,ARI,XB,EG,S,Left,CF,LF,,/u/howiejriii,11
680,Dooper McPooperscooper,ARI,1B,,,Left,CF,RF,LF,/u/aulee65,53
778,Tyler Pylon,ARI,1B,,,Left,CF,LF,,/u/NSAPHI,53
263,Rapid Eagle,,MH,TD,H,Right,PH,,,/u/Rapideagle,53
267,JP Panik,,BC,,,Left,PH,,,/u/JP1704,53
19,Moe Lester,,BC,BF,B,Left,P,,,/u/agrim143,53
38,Dane Konrad,,BC,BS,B,Left,P,,,/u/Vydda,53
52,Byron Leftwich,,SM,BB,B,Left,P,,,/u/dorkman75,53
60,Todd Bonzalez,,BN,BF,S,Right,P,,,/u/Slayer_Of_Anubis,53
61,Whorpus Whiff,,SM,BS,H,Right,P,,,/u/JKMONKEYJK,53
110,Jerome Garcia,,BC,BS,B,Right,P,,,/u/TurkandJD,53
124,Crawdaddy,,1B,EG,S,Right,P,,,/u/GotFlashGoIn,53
195,Swing N. Miss,,1B,FP,S,Right,P,,,/u/haf26,53
198,Icna Comit,,BN,TD,B,Right,P,,,/u/Beasting123,53
199,Cal Tiberius Jr.,,BN,BF,B,Left,P,,,/u/tiberius-jr,53
200,Lane Clementine IV,,MH,BS,H,Left,P,,,/u/coreyclement_30,53
211,G.H. Morello,,BC,BS,H,Right,P,,,/u/ghmorello,53
236,Logan Anderson,,BC,BF,B,Right,P,,,/u/Aki_213,53
237,Levi Pyram,,BC,BB,B,Right,P,,,/u/livingpyramid,53
251,Seik Golden,,BC,EG,B,Right,P,,,/u/-seik,53
279,Carson McSchellenturd,,MH,TT,S,Right,P,,,/u/Thecrum14,53
322,Sylvester Cinnamon,,SF,BS,B,Left,P,,,/u/BrewCrewBenny,53
353,Jordon Canning,,MH,FP,S,Right,P,,,/u/JoAdell68,53
374,Mike Broson,,SM,NT,S,Right,P,,,/u/Drappina,53
412,Caleb Miller,,EN,BF,H,Right,P,,,/u/Miller18,53
426,Hummingbird Saltalamachhia,,S,FP,B,Right,P,,,/u/elifad18,53
451,T.J. Valencia,,1B,BS,B,Left,P,,,/u/Mr_Big_Boy123,53
456,Buttholo Colon,,BN,BS,H,Left,P,,,/u/Forgetful_storytellr,53
464,~~~ BJ,,BN,BB,B,Right,P,,,/u/Kobe8143,53
496,Mike Hunt,,BC,EG,H,Right,P,,,/u/Captnsisko,53
512,Jeremius Popdilius,,MH,BS,H,Right,P,,,/u/automatedsinks,53
601,Amides Gall,,WC,BF,B,Right,P,,,/u/Adamize,53
611,Tom West,,SM,WC,H,Right,P,,,/u/throwawayantelope,53
626,Justin Martin,,BC,BS,H,Right,P,,,/u/JustinQuan,53
656,Maxwell Planck,,WC,EG,B,Right,P,,,/u/quiet_quasar,53
716,Penny Lane,,1B,FP,H,Right,P,,,/u/elifad18,53
718,Richard Hard,,BC,BS,B,Left,P,,,/u/SeriousEffort,53
744,Nar Wil,,1B,TT,H,Left,P,,,/u/NarWil,53
747,Jim Morrison,,WC,WC,B,Right,P,,,/u/Thomas_E_Brady,53
758,Warren Andrews,,HK,EG,H,Right,P,,,/u/AndrewWarren13,53
764,Benjamin Dover,,SM,BF,H,Left,P,,,/u/TheAgonyofCreed,53
786,Hunter Scott,,MH,TT,H,Right,P,,,/u/pikaispikachu9,53
787,Fatih Terim,,MH,TT,H,Left,P,,,/u/engincanr,53
803,Basic Balanced ,,BN,BB,B,Right,P,,,u/mlr14,53
804,Basic Strikeout,,BN,BS,B,Right,P,,,u/mlr15,53
805,Basic Finesse ,,BN,BF,B,Right,P,,,u/mlr16,53
806,No Homers,,BN,NH,B,Right,P,,,u/mlr17,53
807,Flyball Pitcher,,BN,FP,B,Right,P,,,u/mlr18,53
808,Trust Your Defense,,BN,TD,B,Right,P,,,u/mlr19,53
815,Yahtzee Pinocchio ,,BC,WC,B,Left,P,,,/u/Carsman45678,53
23,Michael Voorhees,,BN,,,Left,C,3B,,/u/BigBatInsomniac,53
40,Heavy Raine,,BP,,,Left,C,1B,,/u/Rain_e_Day,53
62,Forrest Saathoff,,TT,,,Right,C,1B,,/u/Xx420noskwopexx,53
95,Randy Pinkwood,,XB,,,Right,C,1B,,/u/NormalMacdonald,53
96,Miles Morales,,BN,,,Left,C,1B,,/u/Ttundraa,53
147,Meerkat Timmons,,EN,EG,S,Left,C,,,/u/snicklefritzed,53
221,Pike Miazza,,BP,,,Right,C,1B,,/u/frankysins,53
239,Dig Bick,,MH,,,Right,C,1B,,/u/tpc0121,53
288,Willie Dustice,,TT,,,Left,C,3B,,/u/photomike,53
325,Caleb Athen,,WC,BS,H,Left,C,1B,RF,/u/Darkhelmet5527,53
351,Buster Hyman,,BP,BS,B,Left,C,3B,,/u/DongerLove,53
436,Dog Man,,XB,,,Right,C,1B,,/u/gardeningwithciscoe,53
441,Maxo Caluow,,1B,,,Left,C,3B,,/u/tournedisque,53
458,Jack Kasutori,,BC,,,Right,C,1B,,/u/Kasutori_Jack,53
469,Dick Cockman,,XB,,,Right,C,3B,,/u/Sgt_Waffle124,53
470,Deleted Player,,TT,,,Right,C,3B,,/u/Randomtvshow,53
515,Elwood Blues,,BP,,,Right,C,3B,,/u/normsy,53
532,Thelonius Jarts,,WC,,,Left,C,3B,,/u/Steelyhobbes,53
566,Buttmud Brooks,,BP,,,Right,C,3B,,/u/IpleaserecycleI,53
577,H.E. Pennypacker,,WC,,,Right,C,3B,,/u/ArtVandelay_00,53
586,Sniffer Pownes,,BP,,,Right,C,3B,,/u/Colemanation13,53
613,Senior Poopfeast,,WC,,,Right,C,3B,,/u/poopfeast,53
657,Finn Twatenson,,XB,TT,S,Right,C,1B,,/u/McFlint,53
670,Tank Tucker,,TT,,,Left,C,1B,,/u/hhayes96,53
688,Suki Tamagotchi,,BC,,,Left,C,1B,,/u/kevinstel_,53
689,Nick Dudley,,SM,,,Right,C,3B,,/u/Privatesloth986,53
704,Fyuk Yu,,1B,,,Right,C,3B,,/u/Tha1nfamous,53
814,Saitoo Syde,,TT,,,Right,C,1B,,/u/iamslm22,53
43,Jose Jose-Jose,,MH,,,Right,1B,3B,SS,/u/rileymoogoo,53
64,Biggie Moonshota,,BP,,,Left,1B,,,/u/DailyBugleNewspaper,53
115,B.B. Bambino Jr.,,SM,,,Right,1B,3B,,/u/BBfriendshipexpress,53
134,~~~ DR,,MH,,,Right,1B,3B,C,/u/HiDart31,53
153,Dallas Hamilton,,S,,,Right,1B,LF,,/u/King_Of_Dukeland,53
222,King Fielder,,BP,,,Right,1B,LF,,/u/Nerdfighter1174,53
328,Forehead Jones,,MH,,,Left,1B,LF,,/u/toxic4Head,53
356,Clip Toller,,BP,,,Left,1B,,,/u/Flyingtista,53
398,Doughy Blobbo,,WC,,,Right,1B,3B,,/u/flyer1985,53
434,Charles Moore,,HK,,,Right,1B,LF,,/u/qupax,53
449,Deirf Smith,,XB,,,Left,1B,LF,,/u/DEIRF,53
453,Red Trapper,,MH,,,Left,1B,LF,,/u/redbird_squirrel,53
482,Oil Can Titcomb,,XB,,,Right,1B,3B,,/u/Totschlag,53
503,Radio Head,,BC,,,Right,1B,LF,,/u/GuruFA5,53
506,Kanye East,,XB,,,Right,1B,LF,,/u/perpetualpies,53
508,Otis Falconer,,XB,,,Left,1B,LF,,/u/xWITCHINGHOURx,53
568,Lenny Van der Bakker,,TT,,,Right,1B,3B,,/u/Keith_turban,53
628,John Lindros,,EN,,,Left,1B,3B,,/u/SigBox,53
642,Rod Stewart,,1B,,,Left,1B,3B,,/u/lava172,53
658,Qwerty Jenkins,,BP,,,Left,1B,3B,,/u/Meatballpyramid,53
659,Johnny Brujo,,BP,,,Left,1B,LF,,/u/VividVeracity,53
673,Jay Cooper,,TT,,,Right,1B,LF,,/u/ProofAfternoon,53
684,Dalton Steever,,BP,,,Left,1B,3B,,/u/84Gothamrogues,53
690,Garlick Bread,,S,,,Left,1B,LF,,/u/ElectricD0lphin,53
8,Will Power,,BN,,,Right,2B,SS,,/u/BearGuru,53
44,Kimberly Jongun,,WC,,,Right,2B,SS,,/u/Joshwin01,53
154,Mac Aves,,XB,,,Left,2B,RF,,/u/Snavery93,53
156,Owen Thirlwell,,BC,,,Right,2B,SS,1B,/u/KabooshWasTaken,53
171,Clipper Charge,,BC,,,Right,2B,SS,,/u/ClipDodgeCharge,53
224,Trey Rangers,,BN,,,Right,2B,SS,,/u/TheThreeRangers,53
225,Zachary Benz,,EN,,,Left,2B,SS,,/u/yoonlee13,53
261,walnuts labonte,,1B,,,Right,2B,RF,3B,/u/Toastiify,53
312,Splash Nelson,,1B,,,Right,2B,SS,,/u/splashshots,53
341,Jonathan Park,,BP,,,Right,2B,SS,,/u/minusmikel,53
359,Dong Soto,,TT,,,Right,2B,SS,,/u/DarkBobman1,53
403,Myler Kurray,,XB,,,Left,2B,RF,,/u/RebWalters,53
418,John Fitz,,BC,,,Right,2B,1B,,/u/keekan123,53
429,Kid Notcher,,BC,,,Right,2B,SS,,/u/notyourchild,53
430,Niko Banks,,XB,,,Right,2B,RF,,/u/the_red_son,53
432,Rumple Foreskin,,XB,,,Right,2B,1B,,/u/Nomegusta_nuncamas,53
448,dednuts,,MH,,,Right,2B,,,/u/deadnought,53
455,Gordan Freemon,,XB,,,Right,2B,RF,,/u/the_vault_of_secrets,53
459,Packer Jacker,,BC,,,Left,2B,RF,,/u/Pack_Runner1,53
460,Basepath McLean,,BC,,,Right,2B,RF,,/u/bennylove,53
468,Chadimir Guerrero Jr.,,BC,,,Right,2B,RF,LF,/u/lurker251,53
514,Red Lobsterologist,,EN,EN,B,Right,2B,RF,,/u/dancing-lobsters,53
528,Josh Bay,,WC,,,Right,2B,RF,,/u/jaypb08,53
537,Dale Gale,,WC,,,Right,2B,1B,,/u/fosho17,53
543,Finn Elvis,,S,,,Right,2B,RF,,/u/Obligatory-Reference,53
544,Threepointsix Roentgen,,S,,,Left,2B,SS,,/u/afuckingearthquake,53
550,Clapper Cheeks,,BC,,,Left,2B,RF,,/u/lolcoors,53
552,Mike Dexter,,S,BB,B,Right,2B,RF,,/u/AlwysSmtmsNvr,53
556,Millistingo Ansherwaras,,S,,,Right,2B,RF,,/u/devoi_,53
563,Fizzber Doormat,,XB,,,Left,2B,SS,,/u/Metsareawesome5,53
565,Taco Sanchez,,S,,,Right,2B,SS,,/u/Not_a_crackhead,53
589,Farch Assterfield,,WC,,,Right,2B,RF,,/u/Omgitsbillyfrick,53
616,Christian King,,BP,,,Right,2B,SS,,/u/FalseMoon,53
618,Finley Mulligan,,1B,,,Right,2B,SS,,/u/jpnlvn,53
630,Prince Fuzzdong,,WC,,,Left,2B,SS,,/u/CaldoLanrissian,53
633,Lief de la Foret,,1B,,,Right,2B,SS,,/u/TheLagoon22,53
692,Alexander DeGreat,,XB,,,Right,2B,RF,,/u/Shigs__,53
695,Damon Lindelof,,XB,,,Right,2B,3B,,/u/paperfisherman,53
751,Frankie Francisco ,,S,,,Left,2B,SS,,/u/BigPlayJ1220,53
761,Balow Average,,BN,,,Right,2B,SS,,/u/SuicidalThermite,53
768,Harvey Bargeparge,,BC,,,Left,2B,RF,,/u/leprachaun77,53
11,James Garfield,,BC,,,Left,SS,2B,,/u/LadfBC,53
28,Barney Turbo,,S,,,Right,SS,CF,,/u/AlienAbortionMachine,53
69,Carter Strong,,SF,,,Left,SS,2B,,/u/SrummTheBum,53
120,Pablo Sanchez,,BN,,,Right,SS,3B,,/u/dawgsrunner5,53
228,Ozzie Baez,,BN,,,Right,SS,2B,,/u/Caseycubs098,53
297,Autumn Halladay,,BC,,,Left,SS,3B,,/u/c4d3nza,53
364,Javier Abiscal,,BC,,,Left,SS,CF,,/u/leprachaun77,53
365,Jingo Bajingo,,BP,,,Right,SS,3B,,/u/bnavis,53
366,Marcus Hammond,,BN,,,Right,SS,2B,,/u/bringer_of_the_rain,53
384,Dom Stakes,,BC,,,Right,SS,CF,,/u/doomsteak13,53
385,Storm Johnson,,BC,,,Right,SS,2B,,/u/kudrew12,53
425,Brohei Brohtani,,BP,,,Left,SS,CF,,/u/sdlotus,53
444,Alex Brown,,1B,,,Right,SS,3B,,/u/ajj2410,53
454,Jake Wilson,,EN,,,Right,SS,2B,,/u/YellowSkarmory,53
461,Overdi Fenz,,SM,,,Right,SS,3B,,/u/-vehement-,53
463,iato yalf,,TT,,,Left,SS,CF,,/u/iatoyalf,53
467,Jeremy Strong,,EN,,,Right,SS,2B,,/u/DajBrave,53
476,Eddie Swingstyle,,EN,,,Right,SS,CF,3B,/u/Indyjones88,53
511,Miles Huh,,XB,,,Right,SS,3B,,/u/ILoveKat99,53
519,Don El Patron,,XB,,,Right,SS,CF,,/u/Fxdriver,53
526,Holden MaGroin,,1B,,,Right,SS,CF,,/u/Skwonkie_,53
531,Devaunte Rider,,S,,,Right,SS,CF,,/u/devaunte_,53
541,Dookie Stane,,1B,EG,S,Left,SS,CF,,/u/JascosRS,53
542,Rebecco Junior,,XB,,,Right,SS,2B,,/u/Rebecca10534,53
569,Pavel Pavelovski,,1B,,,Left,SS,CF,,/u/koenistigg,53
634,Jack Acknoy,,WC,,,Right,SS,3B,,/u/fos8890,53
763,Camusiark,,1B,,,Right,SS,2B,,/u/Camusiark,53
9,Odin Luka,,TT,,,Right,3B,2B,,/u/WinterTrainer,53
27,JT GarciaParr,,XB,,,Right,3B,2B,,/u/jdpopin,53
57,Bear Thomas,,HK,,,Right,3B,2B,,/u/ScenicEvergreen,53
85,John Bumbus,,BC,,,Right,3B,LF,,/u/goodmjim,53
86,Pretzels Poffenberger,,BN,,,Right,3B,SS,RF,/u/akick31,53
102,Doc JaAm,,1B,,,Right,3B,LF,RF,/u/JaAm15,53
242,Charles Lindberg,,BP,,,Left,3B,2B,,/u/Aviator157,53
243,Michael Deemer,,EN,,,Right,3B,SS,,/u/MichaelDeemer13,53
276,Trontavious Saddlebags,,BP,,,Right,3B,2B,1B,/u/Jittyot,53
296,Chuck McCluster,,XB,,,Right,3B,2B,,/u/vigintiunus,53
404,Ovaltine Jenkins,,BC,,,Right,3B,2B,SS,/u/mrman5426,53
420,Jered Bentley,,SF,,,Right,3B,2B,,/u/ryry24lol,53
427,Benjamin Bjorn,,WC,,,Right,3B,SS,,/u/nrs5813,53
428,Bert Harris,,WC,,,Right,3B,LF,,/u/chem031,53
433,AJ McMann,,BC,,,Right,3B,2B,,/u/Lightning_Dragon,53
437,Boof Boog,,BN,,,Right,3B,2B,,/u/welldrawndry,53
440,Markese Rolle,,XB,,,Right,3B,SS,,/u/nyk88,53
443,Hes Nahstee,,XB,,,Left,3B,LF,,/u/snasty728,53
445,Mike Honcho,,BN,,,Right,3B,SS,,/u/ihavearedditaccount,53
473,Bill Bisquick,,XB,,,Right,3B,SS,CF,/u/taylorenokson,53
484,Moomoo Cow,,XB,,,Right,3B,LF,,/u/Tropicalfiree,53
494,Dee Snutts,,WC,,,Left,3B,LF,,/u/jarjarbanksy420,53
504,Joe McQueen,,XB,,,Right,3B,LF,,/u/joetheshow1,53
507,Talladega Knight,,BP,,,Right,3B,2B,,/u/calebc275,53
509,R.K. Maroon,,1B,,,Right,3B,LF,,/u/bucketfudger,53
536,Dingleberry McHotsauce,,BP,,,Left,3B,LF,,/u/_smilingeyes,53
554,Trey Womancini,,1B,,,Right,3B,2B,,/u/ReDz55555,53
555,Terry Jerry-Larry,,BP,,,Right,3B,2B,RF,/u/fluffydog10,53
578,Ruiz Nomad,,EN,,,Right,3B,SS,,/u/Onoreacle,53
591,George Honeycut,,XB,,,Right,3B,2B,,/u/mishner,53
592,D'Pez Poopsie,,S,,,Left,3B,2B,,/u/magnagothope,53
593,Austin Otterson,,S,,,Right,3B,SS,,/u/OtterInAustin,53
619,Dingus Dongus,,S,,,Right,3B,SS,,/u/Forgot_the_slash_s,53
637,Gabe Horn,,1B,,,Left,3B,2B,,/u/hecking31,53
664,Orville Pigdicker,,WC,,,Right,3B,SS,,/u/MadDingersYo,53
677,Johnny Maxwell,,BN,,,Right,3B,2B,,/u/PartyOfSpecialThings,53
694,Clay FromShellCity,,BP,,,Right,3B,SS,,/u/beastofthefarweast,53
735,Edward Strauss,,BN,,,Left,3B,LF,,/u/Cherubius,53
15,Assassin Panda,,BP,,,Left,LF,1B,,/u/AssassinPanda97,53
30,Chad Kroeger,,XB,,,Left,LF,1B,,/u/memeofameme,53
31,Arata Hightower,,BN,,,Right,LF,RF,,/u/YungKakarot777,53
51,Forrest Gleeson,,BN,,,Right,LF,1B,,/u/foreverfun,53
123,Stephen Seconds,,BN,,,Left,LF,RF,,/u/unite_csgo,53
177,Jeorjhe Jerome,,BP,,,Right,LF,1B,,/u/jeorjhejerome,53
189,Jeffrey LaVert,,1B,FP,H,Left,LF,1B,,/u/xboy623,53
230,Matt Verdin,,XB,,,Right,LF,RF,,/u/Vauntice,53
249,Tequila Sunrise,,WC,,,Right,LF,RF,,/u/Acyke,53
299,Formal Riot,,BC,,,Right,LF,RF,,/u/mvonneumann,53
319,A.J. Preller,,BC,,,Left,LF,RF,,/u/notajprellersd,53
407,Tom Crean,,BC,,,Left,LF,RF,,/u/iuhoosier40,53
424,Xander MacAnder,,BN,,,Right,LF,RF,,/u/saneomac,53
452,Grigury Polinko,,BC,,,Left,LF,RF,,/u/grigury,53
632,Smiffy Dankle,,WC,,,Right,LF,RF,,/u/Unlucky_Dreamer,53
645,Sir Ebe Rau-Paulsy,,EN,,,Left,LF,RF,,/u/FogtownPower,53
668,Sammy SoSheesh,,BP,,,Right,LF,RF,,/u/aTreibCalledQuest,53
678,Randy McRandom,,WC,,,Right,LF,RF,,/u/kbell89,53
711,Abelardo Montoya,,MH,,,Left,LF,1B,,/u/Jackslid,53
722,Leonardo Fairweather,,XB,,,Left,LF,1B,,/u/mc_bear,53
748,Troy Pollywag,,BP,,,Right,LF,RF,,/u/YQUA1,53
142,Tommy Brown,,TT,,,Left,CF,LF,,/u/tbrown0307,53
231,Sadler Oriole,,BC,,,Right,CF,LF,,/u/sadoriolesfan,53
265,Wavy Gravy,,EN,FP,S,Left,CF,LF,,/u/mile114,53
269,Joe Runzer,,XB,,,Right,CF,RF,,/u/ScummyJoe11,53
300,Conrad Love,,BN,,,Left,CF,LF,,/u/welovemeconrad,53
317,Demondre Bradford,,TT,,,Left,CF,LF,,/u/BrandonRK,53
318,Joey Bagpipes,,HK,,,Right,CF,RF,,/u/OTipsey,53
333,Benjamin Baeurkemper,,WC,,,Left,CF,LF,,/u/Crimsic,53
387,Anatoli Smorin,,1B,,,Left,CF,RF,1B,/u/therealliebz,53
410,Victor Justice,,BN,,,Left,CF,LF,,/u/victors_justice,53
431,Mr. Irresistible,,MH,,,Right,CF,LF,,/u/X-Ray_Bird,53
435,Jack Medof,,WC,,,Right,CF,RF,,/u/Aquaos_,53
446,Thomas Berry,,BC,,,Right,CF,RF,,/u/tomatoisaberry,53
450,Iggy Metts,,WC,,,Left,CF,RF,,/u/ISOballisbadmostly,53
457,Buck Cheeks,,S,,,Left,CF,LF,,/u/BuckCheeks,53
462,Baby Goat,,S,,,Left,CF,LF,,/u/asheiselite,53
465,Robert Callahan,,XB,,,Right,CF,LF,,/u/shipguy55,53
466,Pewdiepie,,S,,,Right,CF,,,/u/jakester1238,53
489,MikeTrout ShoheiOhtani,,S,,,Left,CF,RF,,/u/Ratemeonly,53
561,Larry Bigawls,,XB,,,Right,CF,LF,,/u/Rastamebasta,53
666,Snarkles McFarkles,,XB,,,Left,CF,LF,,/u/Teddy_swolesedelts,53
667,Cavendish Cannon,,XB,,,Left,CF,LF,,/u/patsyanks999,53
682,Brat Monithan,,BP,,,Right,CF,RF,,/u/Bratmon,53
710,James Manzi,,MH,,,Right,CF,RF,,/u/jmanatl06,53
715,Candy Sollazo,,WC,,,Left,CF,RF,,/u/vesteele,53
721,Whatan Losser,,XB,,,Left,CF,RF,,/u/GeorgeKittle,53
725,Minor Leaguer,,BC,,,Right,CF,LF,,/u/Qwerty722,53
785,Jake Schultz,,BN,,,Right,CF,RF,,/u/jakester1238,53
53,Julio Cesar,,BN,,,Right,RF,CF,C,/u/JulioCesar08,53
232,Jake Blee,,WC,,,Right,RF,CF,,/u/Blee10,53
281,Mike Rodick,,S,,,Right,RF,1B,,/u/mememan696969,53
368,Captain Bryzzo,,EN,,,Left,RF,,,/u/Fastlanedrivr,53
388,Doug Quail,,MH,BB,H,Right,RF,CF,1B,/u/Dynamic_Doug,53
442,Ryan Vauhn,,WC,,,Right,RF,1B,,/u/adfalcon96,53
447,Two Fingers Fernhaus,,XB,,,Right,RF,CF,,/u/jamesonfleming,53
505,Poopio Cartez,,XB,,,Left,RF,CF,,/u/blarne1323,53
548,Honeydick Swindler,,BC,,,Left,RF,CF,,/u/PeyWey26070,53
551,Dick Inhand,,1B,,,Left,RF,1B,,/u/BrickShelf,53
588,Willie Mo Penis,,MH,,,Right,RF,1B,,/u/clipboardpencil3,53
598,Herb Ferguson,,SF,,,Left,RF,CF,,/u/Dont_leave_bryce,53
709,Starbux Lover,,XB,,,Right,RF,CF,,/u/justanavrgguy,53
750,Zion Williamson ,,SF,,,Right,RF,1B,,/u/Demarcus-Is-A-Snake,53
789,Basic Neutral,,BN,,,Right,DH,,,u/mlr1,53
790,Basic Power,,BP,,,Right,DH,,,u/mlr2,53
791,Basic Contact,,BC,,,Right,DH,,,u/mlr3,53
792,Maximum Homers,,MH,,,Right,DH,,,u/mlr4,53
793,Speedy,,S,,,Right,DH,,,u/mlr5,53
794,Extra Base Focus,,XB,,,Right,DH,,,u/mlr6,53
795,1B BB,,1B,,,Right,DH,,,u/mlr7,53
796,Extreme Neutral,,EN,EN,B,Right,DH,,,u/mlr8,53
797,Work The Count,,WC,,,Right,DH,,,u/mlr9,53
798,HR K,,HK,,,Right,DH,,,u/mlr10,53
799,Three True Outcomes,,TT,TT,B,Right,DH,,,u/mlr11,53
800,Sacrifice Master,,SM,,,Right,DH,,,u/mlr12,53
801,Single Focus,,SF,,,Right,DH,,,u/mlr13,53
